active_zone,faCoordinateX,faCoordinateY,faCoordinateZ,nearest_neighbor_distance,distance_to_presynaptic,distance_to_postsynaptic,distance_to_fusion_point
0,396.786208,711.557858,217.39264,9.473365855308746,3.012317628251896,22.656090236039763,151.60689319436716
0,461.635347,501.55514,108.704991,8.267708222512622,6.260201261599686,24.985205658484887,35.12635216323674
0,345.617427,754.752825,230.816025,9.45507323326033,13.694252876445963,21.736692259858387,216.82445397419372
0,443.376922,302.349519,99.869497,9.852627380452546,5.794432702010294,20.64912306614962,82.52799909657227
0,457.548044,217.489895,143.192559,6.540586531123588,13.644203779770374,20.622491447616266,58.501789443808214
0,493.47056,629.907734,211.651157,8.48130521716731,9.505122549386673,16.150631007493544,40.61228100716546
0,495.528401,548.6277,201.056384,8.7490077405943,4.562714434424305,20.806078976229195,16.57663029093931
0,458.516867,345.184825,133.026731,7.003554714459793,6.2211198650405874,20.551336164667923,45.79097908059126
0,495.822618,635.355122,224.976767,8.680010595492204,7.0404276885385455,18.890718966514566,38.77824129532951
0,484.734617,618.720664,200.927967,7.993758076102161,4.7205003382891775,19.55573621574884,43.15645804818517
0,485.662363,633.045284,210.592678,8.48130521716731,4.942395804085537,20.641964740374966,44.840552698032766
0,488.452397,463.134222,171.646755,10.010772311701077,8.085532980066427,19.81902152587726,14.261170199778945
0,439.90997,686.158822,208.815164,10.521570716508238,7.60675583036949,17.952680033492246,107.7920951857211
0,461.433561,320.481347,128.603072,7.778958554330142,10.40431346979469,15.19606670390336,68.180567236721
0,464.489871,395.424838,141.424117,6.754498373053431,5.473551050339571,20.339314888468667,24.66805254747342
0,447.648099,220.142176,132.828075,10.174412344001219,5.964874843920885,22.135540521425096,63.29127889061214
0,403.61876,717.770465,229.869856,5.9477154504391345,7.1869405607107675,18.684024012392488,150.9083460483305
0,497.595578,640.476065,231.757264,8.575563280893482,7.755008186655375,18.17523770665795,42.257001826682206
0,461.579466,176.324923,160.205183,10.276600332501443,29.921302856976535,22.052815398798487,92.32993458942448
0,427.69867,683.029396,190.159865,7.998258705263889,6.466066626639102,18.939211776856016,118.38448138854196
0,410.152585,708.305488,218.908948,9.495733789650693,5.859977884039147,19.6982284199918,140.46430523361263
0,453.243668,206.764264,135.212369,14.044580646414355,14.262549103203112,16.928135021528202,71.9857164514841
0,394.357444,734.127831,236.72814,20.009284243432365,16.05718843314451,11.944143962903537,169.3435299934336
0,468.718654,356.341441,160.30984,20.061474084021125,8.377308427148426,15.233637854363218,27.64055752197045
0,455.71785,300.454193,129.224912,8.870035767245628,5.364424078150287,19.946528958668793,54.96446948400676
0,481.557193,476.498716,157.443338,10.767767662125898,3.906389744162918,20.916789164001056,21.127432183308766
0,273.64542,773.597773,161.92183,8.874074083976593,6.207219751045453,20.535600828904524,275.5821312584092
0,471.745438,650.431554,199.165178,10.24135490520953,7.938909679446943,18.36332625422751,68.8002812905566
0,539.730272,609.101252,291.148601,36.535479866411144,27.16879607873208,15.824967537449389,70.07960759764873
0,501.241755,541.522307,201.540056,9.130331988342489,9.48445418198796,14.81295575644083,17.879262833375307
0,453.147303,280.557368,117.633781,8.173824418269627,6.081604743824996,18.510316793823232,57.33296101101541
0,330.341657,762.38351,218.979311,10.692455190273025,11.119981796506098,19.8326988960764,233.61632647373574
0,479.376389,621.858791,195.893911,7.993758076102161,3.8242797369386055,20.457362906878554,50.400125679435604
0,494.279908,567.150373,173.521592,18.036192993004153,15.334223802394575,9.721717510722266,41.2279167696623
0,408.73954,663.855342,147.087939,7.783787509696027,4.122098119378484,19.711203499679346,107.87826524592833
0,441.422987,691.303457,223.046818,9.171136611027563,6.533390157086944,18.325406351656806,108.47349139455949
0,454.318885,513.648241,103.572365,7.870223848564784,4.953902693217019,27.660254893758555,47.15840541636369
0,461.857032,252.080208,138.187879,8.697239982338601,9.508283830158234,16.06237117395611,38.55504555486404
0,445.996312,271.122799,109.243509,5.319854460592046,3.939872759878387,21.115373671436974,65.27381494501647
0,454.894626,279.666641,126.005545,6.297869797004888,4.361304626229102,19.170267544883746,48.8750270844928
0,416.351043,696.953499,199.362971,9.18689884837682,7.7397081512113,19.151568297376443,132.10145967347876
0,432.642036,669.853343,181.53307,9.138127739770376,3.5823601980593547,21.613857597111636,110.47444849254147
0,434.096101,681.818283,201.195315,10.521570716508238,4.222344590015087,20.857426005065015,109.80832387228489
0,493.993904,665.395199,267.799708,8.542180473691303,8.477178218540772,21.620958612675402,73.36110938379777
0,452.574418,288.002642,120.958101,8.173824418269627,4.63077559032746,20.704879019416094,56.40746211867221
0,489.149734,473.378844,170.313972,8.700904265728122,8.218710694533405,17.890929655148284,18.535899218899466
0,442.90764,594.411651,118.710304,7.696707049087721,5.316147627604469,24.75590438044896,42.150716441067495
0,464.862146,514.224598,125.093634,9.383448485283008,8.360791311342458,19.999159078572585,27.381884139696325
0,494.824678,577.127232,201.126851,7.854635243010363,5.3212067642489975,19.16607581391872,41.871499572998886
0,448.345178,261.16772,111.917615,7.3361821235583555,6.2565873017004,18.61229142564279,62.479559660936765
0,448.771223,597.55115,130.623768,9.565710902231666,4.605588974174452,21.60891300401694,36.20769544695628
0,456.958483,224.000108,142.971614,6.540586531123588,11.591238415140607,21.76099530443753,53.160465987449754
0,451.619759,267.446678,116.072112,7.047424391246297,6.270119096205484,17.716269340631722,57.57591744010823
0,464.413719,594.449087,153.223105,5.521409833628961,6.047936877260415,20.756329429561717,30.421141581130765
0,498.427931,664.368679,275.028436,8.542180473691303,10.83595789200088,23.597500800024232,75.75850223280251
0,491.600728,464.137086,190.690215,5.010297049586223,7.294562596345595,19.092054568644286,26.01006353242755
0,443.634253,257.884589,106.990684,7.566135909270103,4.823304098460535,20.470439669669723,68.56615175428352
0,443.700688,385.471344,81.348871,49.506365713402815,6.650185234380223,24.526967039815915,70.06458402734131
0,470.088115,488.069992,118.090931,9.646020952194442,7.4320494749443915,18.43025946361762,26.290920430569837
0,422.822567,662.501828,148.807058,10.959756839957526,9.174564781558841,13.52723817060013,101.408596622186
0,489.263775,551.309755,186.608561,5.743262041221077,4.544444673690343,20.81499037195001,20.082125090173886
0,458.157719,284.766103,133.56775,9.687065245889348,4.835696153867201,18.57403536440122,43.22513992484054
0,488.414624,651.030236,229.837052,6.826508900640645,5.5532264678412755,19.711007647700356,53.475370605187955
0,265.54252,777.215097,162.006503,8.874074083976593,4.000379382015746,21.18528312091082,283.6528375004413
0,405.910648,713.982665,225.898063,5.9477154504391345,6.128348818968971,19.16232249291604,146.77601813049242
0,443.842199,215.098318,124.853535,10.174412344001219,5.601568656159765,19.127231249929473,72.89888892162135
0,437.23268,663.591764,176.713942,9.138127739770376,3.8723267667132903,21.471872024900346,103.07518783547762
0,454.226228,251.249925,128.656127,8.376290787929042,5.887419606324128,18.83331691950056,47.70323374611609
0,454.250398,590.165293,133.256368,9.287982786344795,5.700598480281468,20.00716289125181,28.028502023614614
0,449.831685,261.339022,119.099573,7.047424391246297,4.408688829792497,19.834637543331237,55.17859419594396
0,457.617816,308.986147,130.7327,8.870035767245628,6.2909007383367905,18.9936403990426,59.303453348870775
0,456.327619,594.784929,141.041658,7.700943297468438,5.343423840207979,21.651492207707484,29.42914451596732
0,410.8736,667.559188,153.592911,7.783787509696027,4.381643827089813,19.288358041137837,110.53198941383445
0,466.267582,496.892554,118.87301,9.646020952194442,5.568852360854482,20.853231493716752,32.11126897482131
0,461.320493,382.01638,135.687324,8.23233675865422,7.111766425965798,20.16755669684583,31.110098822216536
0,449.609066,274.96535,108.548051,5.319854460592046,7.070268865020431,18.03909740534233,65.69745190045775
0,415.819086,712.235621,235.530581,8.582121299094913,6.728169794997407,18.72841786809738,139.02385267426197
0,460.747564,511.351992,117.164734,6.472808941895989,4.822265528470394,22.910603567289236,35.15335251224716
0,489.489138,556.960336,187.61116,5.743262041221077,4.649589636908181,21.523210468024736,24.049752472844173
0,337.045229,754.057848,219.251474,6.117494697282031,9.386450483598159,21.924205553976158,223.01137317052934
0,460.871969,354.062601,141.987745,8.429089108910008,5.2943829815983126,20.92883217625431,33.973935429383104
0,438.596604,251.546402,100.214179,7.255888074273192,4.3475458630246395,20.836517307344995,77.34417934123573
0,422.425431,697.927419,213.994763,6.729557980306393,5.702308207251654,21.421641284881318,125.74933185308784
0,463.145413,389.105689,139.453321,6.754498373053431,6.6662609019850745,20.67145306869239,30.306427794665964
0,440.410246,271.623124,97.235587,8.442029314129222,4.76378285736616,21.496045537861004,78.19257380117284
0,461.529595,587.448291,141.471302,7.533709066115773,7.727874210063273,19.220185941841436,23.24332505146214
0,469.230997,642.586551,193.080865,6.872976588514866,5.571394966867272,20.2281781905121,67.92047891137535
0,351.62889,94.567554,104.931416,9.010705647364862,22.255985287133456,19.862588292753134,214.4703648852975
0,443.470692,579.280359,110.560567,16.06403879794479,5.720875286364951,26.60046471604201,40.974850493194374
0,343.049577,754.201426,214.209627,7.818351769090519,14.42231721223741,15.520682503481677,219.35258515290573
0,278.828543,779.296066,180.221859,6.4587952532727275,5.73451967988093,18.708473165196025,278.1114362259095
0,282.098675,766.801694,159.801869,11.051626328771105,7.4035672238645684,18.952736861396623,264.8207495702655
0,495.465629,569.682119,198.707188,7.854635243010363,5.922076676887788,19.281427629455933,34.89596692750945
0,454.962265,318.12777,124.984343,7.778958554330142,6.332161687781485,19.210660898883084,69.9165524590104
0,259.598383,770.853203,144.335615,6.154317977290424,4.312263380311932,25.64437912323215,282.676415545108
0,395.85362,717.397303,224.793709,9.284606478653437,4.672765856367381,21.019644661613693,155.82456585845432
0,429.585935,205.180844,83.694009,44.67330225451268,11.358580617687243,6.002361716018187,112.90838696869353
0,408.065794,715.479096,237.268148,8.582121299094913,5.58538049207741,20.78061190784775,146.1982434562155
0,459.763676,646.756954,186.662377,8.380715304495217,3.783986632844258,22.079787862242366,78.76046607586127
0,495.447756,650.925994,231.90654,7.332025143582935,10.09278824307903,15.020179437903684,52.58437995494719
0,454.173222,521.507549,103.184443,6.531491443546881,6.860283832848234,25.27153068596379,50.20177313431338
0,443.864594,690.114872,231.806702,9.171136611027563,3.4966346325969897,20.53585051816705,105.41270748261594
0,421.284577,682.040951,180.890613,8.636090645340099,6.319062129621126,18.43493114918648,124.99922399433827
0,417.916919,671.161632,153.396032,7.9135773610636235,10.448195900877488,12.917127313053996,111.32249074787532
0,317.096368,722.214407,143.430564,8.310167857806587,5.073663163409652,22.65954074928238,207.9823127312043
0,270.733966,778.079718,169.538554,9.188605623877741,4.593359194800851,20.56282196320643,281.3542358479775
0,443.426571,601.218507,122.611702,7.862791129230226,6.121613691812913,21.661216275344387,44.54027554988244
0,459.024009,389.340355,128.264826,10.677449373463888,4.46267916584159,20.296425031292625,32.540067181021776
0,459.040527,562.528233,132.510424,8.314478262990933,4.757463127469029,21.888300422142173,16.324822601843138
0,455.19739,273.409652,125.356248,6.297869797004888,4.982355412516255,18.0968306058563,48.3486802483153
0,333.42283,753.384623,211.106766,8.93931064574279,8.504421628314244,20.009244848744846,225.94744681994018
0,277.682351,751.737464,134.302641,9.889324586120022,7.900641759085312,26.027257196199738,256.6950924007824
0,487.96485,452.564222,167.893374,11.22722009263073,8.650121063842327,17.83592466099671,17.312057086220573
0,523.364106,581.280748,274.031082,36.535479866411144,7.337021695583388,20.038548093784378,48.90628266665968
0,450.554823,548.321187,108.768903,9.67425648942498,6.207316768554796,24.474197953347026,43.08887421665766
0,422.893202,687.810858,196.323463,9.162141772646425,5.222571622681145,21.079203375786445,122.38799402712027
0,342.415481,755.238575,221.932895,6.117494697282031,13.147040837408454,19.303509274222836,219.85072820424014
0,461.337122,184.961051,154.640376,10.276600332501443,26.47932342004779,20.069088930250427,84.8322811489428
0,422.213878,128.86904,172.199164,9.575952024365359,25.386107404141253,24.88770806388457,143.39845388470482
0,322.179574,715.980814,141.34197,8.310167857806587,4.980582637593688,25.513332595367036,200.00305444911183
0,468.490209,636.9356,189.239538,6.042856903535363,4.537287936788673,21.00543835069544,67.41010544822082
0,420.909178,256.844877,68.496948,30.759192719072367,4.350312876960258,26.505986761400397,111.74512326179864
0,447.684581,308.325018,106.412566,9.852627380452546,7.087119244653049,18.90118708908974,78.95543808106085
0,455.694176,567.897741,127.115902,8.314478262990933,5.303078645219798,21.624711061895002,20.759006480777686
0,493.832676,470.629488,208.95002,5.9369609586633505,4.575104590103747,19.14537633812577,43.12860519669036
0,451.959383,243.188089,128.830659,6.053932464089514,5.382141833098837,20.48950353913898,51.11793441853707
0,442.268103,616.96646,130.085463,8.630387686290907,8.146751110598693,16.994837753597125,55.1537501263851
0,467.696523,609.308509,168.276042,9.164484299058502,4.415083573678228,20.083157155820878,49.51997405981718
0,436.667906,248.969332,93.711353,7.255888074273192,6.041912205794628,18.86715966266913,84.52038177716338
0,414.55518,701.560206,207.105854,7.415052039188254,7.207318284135389,19.672805276584324,134.67421051566646
0,457.020889,259.160004,136.728361,8.697239982338601,4.195916999366795,19.94372418937271,37.53436167545281
0,271.187432,765.806335,149.695352,8.860725187428535,4.7104197133599675,24.17201946182069,271.0592459073038
0,472.066716,609.372905,176.331167,9.164484299058502,3.6543685364761176,20.326229838931514,54.652997484671985
0,360.894502,92.938242,115.458212,5.289120691684472,25.01399913706971,16.660513821016426,208.1986138514739
0,437.349957,264.670438,93.552837,8.442029314129222,4.425673338014926,21.09982979694847,82.45858447645436
0,357.407706,94.6,111.844957,5.289120691684472,22.925992907735317,18.29444181998073,209.50059715085948
0,418.263553,133.725261,164.952723,9.575952024365359,19.63150446124712,21.58606682390172,140.0243866555086
0,458.966079,339.029053,136.336483,7.003554714459793,5.1955338222340455,21.494803742289378,48.356832929980186
0,446.646841,557.167564,109.01493,9.67425648942498,5.215783463935491,27.49993137186897,40.572627869685085
0,276.970996,758.933211,141.049043,9.889324586120022,8.44147084751819,22.036055466907154,262.1647224702862
0,264.415523,771.304695,148.139159,6.154317977290424,5.2069699342007105,23.469137811664783,279.6859596076838
0,279.800838,774.830529,175.657907,6.4587952532727275,5.214226071979715,20.580897189295538,273.5809349853183
0,463.172314,505.507157,115.802476,6.472808941895989,6.002348437881184,22.50873329130895,37.37302114618614
0,492.770203,470.47408,203.11097,1.8365664717371368,5.165748980088161,20.18099915547618,37.5877166611932
0,461.441465,345.932878,139.835346,7.447824848278705,6.094173288996591,20.673223203817827,41.393299001041974
0,411.305692,708.326951,228.334384,8.187139954023827,3.294168025436493,21.852224748972787,138.84457449487266
0,492.744445,470.468384,201.274593,1.8365664717371368,5.537881333459078,20.208177985696608,36.03856309806892
0,426.954382,676.975292,184.986278,7.998258705263889,3.875120516942961,21.224882685428767,116.82409845004912
0,459.476701,591.688465,147.35036,7.193617349957702,4.329938578585311,23.010055728927174,25.971872836276095
0,456.379231,269.611034,132.103019,7.832315480472285,3.8963399383926833,19.14919460037707,41.25094961673204
0,447.244049,589.320091,122.519618,7.696707049087721,4.734720722643354,21.766970898526797,35.01607994197182
0,451.593462,523.330334,97.348834,1.349256175844283,9.371030580995859,28.653172464214176,56.591092387876294
0,451.605193,521.989547,97.198352,1.349256175844283,9.523721448055225,29.051950925150923,56.520745332928804
0,490.871302,644.777757,228.623601,6.826508900640645,5.178101879492799,20.482197629458177,47.2496698610859
0,487.715865,639.901789,220.231184,10.206101591689228,4.387882522707082,21.960863889334686,45.4620050308828
0,488.86508,459.945704,190.463007,5.010297049586223,5.0442823762419,20.37427540745206,24.159792892629042
0,491.919118,294.179892,230.604895,6.8803889692361535,12.569325806071943,17.581199144743238,27.933643937403147
0,494.391532,544.671147,193.336387,8.7490077405943,6.483651597104665,18.571446812244268,14.317458648433298
0,453.841327,263.589037,126.890314,8.359288127481308,4.446036778630152,19.196072220815545,46.761641564636896
0,417.320227,702.311636,213.944923,6.729557980306393,6.57982055757428,20.190727500479984,132.21856383592296
0,453.629506,234.124213,133.853235,9.80872018703756,7.704966908346254,20.57658233109302,51.95767962344009
0,439.942955,608.882473,128.155066,8.630387686290907,4.181586349024011,22.250095723090247,49.20266778270763
0,465.908977,641.133366,185.742093,6.042856903535363,6.023202214727851,19.288760516944993,73.35586005768629
0,457.022923,243.168035,132.14883,6.053932464089514,8.956159989937698,17.68166223445614,47.87714382574042
0,484.486831,468.902028,164.489782,8.700904265728122,5.012912848678266,21.807069917006675,13.969266909200377
0,266.823974,764.16109,142.09781,8.914552219239788,5.1292674993908784,28.41923777520565,272.885991597498
0,461.219666,597.96319,150.406179,5.521409833628961,5.681138440832339,21.351611559200506,32.57059359455063
0,494.051575,287.656915,230.111792,6.8803889692361535,16.058469287775186,19.72219951299247,33.93362322985651
