tomogram_name,set_name,timestamp,active_zone,faCoordinateX,faCoordinateY,faCoordinateZ,nearest_neighbor_distance,distance_to_presynaptic,distance_to_postsynaptic,distance_to_fusion_point
20241030_AMmilled12-1_15,unknown,2025-07-24 15:03:08,0,258.725251,645.62598,179.827438,12.578120440699568,4.96871227788045,24.294778939104955,12.168507500794918
20241030_AMmilled12-1_15,unknown,2025-07-24 15:03:08,0,455.964559,432.475196,165.712107,7.581404400601435,5.298268392058207,20.20322175543388,14.782151019303289
20241030_AMmilled12-1_15,unknown,2025-07-24 15:03:08,0,324.937493,584.103902,170.952863,12.777835100434356,8.157736666769166,16.261161536464712,36.40397539755118
20241030_AMmilled12-1_15,unknown,2025-07-24 15:03:08,0,363.866452,517.468845,185.367449,8.182341852947156,3.603925512486888,25.70285076473233,29.25632253056705
20241030_AMmilled12-1_15,unknown,2025-07-24 15:03:08,0,362.269899,533.517236,176.265458,5.748721720433722,6.376169178528447,19.57616603164847,35.75368040917673
20241030_AMmilled12-1_15,unknown,2025-07-24 15:03:08,0,407.933313,508.85793,137.120318,7.6231682565558465,2.797488107302818,23.32371532896192,25.340928861882112
20241030_AMmilled12-1_15,unknown,2025-07-24 15:03:08,0,338.997685,615.193795,112.216014,10.470949208722327,5.013544201188906,20.81515462809292,70.92769846181706
20241030_AMmilled12-1_15,unknown,2025-07-24 15:03:08,0,305.287309,659.689142,105.293561,9.120362500819034,6.613224262251737,18.645571945026,66.45384738997714
20241030_AMmilled12-1_15,unknown,2025-07-24 15:03:08,0,308.887819,569.301317,195.569767,7.118545983188055,5.148910097979901,26.506764694117788,47.17958640577921
20241030_AMmilled12-1_15,unknown,2025-07-24 15:03:08,0,311.832602,644.691248,116.884089,8.50400710216142,5.459209165048002,20.523156378580783,66.82064074094838
20241030_AMmilled12-1_15,unknown,2025-07-24 15:03:08,0,212.460319,712.531751,182.724777,8.45002135813705,5.789602065899936,20.759108058062075,68.94027482528635
20241030_AMmilled12-1_15,unknown,2025-07-24 15:03:08,0,395.903891,490.967728,191.46888,9.733383563882018,14.45482045596928,12.74766531430794,45.420587529489865
20241030_AMmilled12-1_15,unknown,2025-07-24 15:03:08,0,450.333749,440.408614,164.068746,9.294616141289168,4.999810563003089,20.97482199473772,10.45358704377661
20241030_AMmilled12-1_15,unknown,2025-07-24 15:03:08,0,264.324134,653.826433,163.953439,10.15771419456436,4.522032777009082,21.38845410761319,24.63854651524792
20241030_AMmilled12-1_15,unknown,2025-07-24 15:03:08,0,298.927864,670.526289,91.911388,9.95798331472218,9.17785570120827,18.47207086361756,66.96455214386336
20241030_AMmilled12-1_15,unknown,2025-07-24 15:03:08,0,530.034472,389.428145,128.119831,6.0024588567322725,3.4109805037536485,21.39015495001039,44.33113672378849
20241030_AMmilled12-1_15,unknown,2025-07-24 15:03:08,0,217.365604,748.349354,127.430086,7.099360999166128,4.75474857842403,23.1809210896858,78.3240064070177
20241030_AMmilled12-1_15,unknown,2025-07-24 15:03:08,0,259.906577,663.364926,155.874054,9.151791367551652,3.2667757781353672,20.700544986085696,26.40846216443607
20241030_AMmilled12-1_15,unknown,2025-07-24 15:03:08,0,396.903184,470.36104,190.339352,5.790437967452642,4.144835879150532,22.372576200792192,46.46605850030881
20241030_AMmilled12-1_15,unknown,2025-07-24 15:03:08,0,519.904811,388.572639,147.99796,8.34670939005976,5.223265906004236,19.65583740268637,36.86352892952757
20241030_AMmilled12-1_15,unknown,2025-07-24 15:03:08,0,221.507456,731.341212,154.783095,10.19924640211768,7.403017798692481,19.68488676523496,63.48233927239387
20241030_AMmilled12-1_15,unknown,2025-07-24 15:03:08,0,520.312021,407.88233,115.35648,9.499112248738054,4.195774563288454,21.357835707248444,36.586893292914986
20241030_AMmilled12-1_15,unknown,2025-07-24 15:03:08,0,405.833988,480.104898,170.948218,7.023639030204818,3.9167034223321626,21.65803351851117,23.900759692462472
20241030_AMmilled12-1_15,unknown,2025-07-24 15:03:08,0,392.126526,469.211974,201.115055,10.036671770843297,6.579035239578803,21.65594080366237,57.89128405995215
20241030_AMmilled12-1_15,unknown,2025-07-24 15:03:08,0,222.260748,746.259755,114.723972,8.524160039062512,3.717601845828274,21.693437369628327,77.0644463866401
20241030_AMmilled12-1_15,unknown,2025-07-24 15:03:08,0,382.448666,493.681261,194.287287,10.180687451509636,8.514763930633976,21.630114790390635,52.009202812499375
20241030_AMmilled12-1_15,unknown,2025-07-24 15:03:08,0,387.350899,527.376745,145.968508,7.118409801078006,3.757429904544456,22.757189083313104,46.09088672236344
20241030_AMmilled12-1_15,unknown,2025-07-24 15:03:08,0,401.235604,485.306338,172.011887,7.023639030204818,4.33039417981881,21.5342602954119,24.970447021151365
20241030_AMmilled12-1_15,unknown,2025-07-24 15:03:08,0,415.978147,520.73755,118.614808,6.587020524305239,5.075957086679711,20.008965673087022,46.273358419358445
20241030_AMmilled12-1_15,unknown,2025-07-24 15:03:08,0,388.385467,493.885696,186.019337,9.733383563882018,7.73092206510763,19.95936288957162,43.39982053281261
20241030_AMmilled12-1_15,unknown,2025-07-24 15:03:08,0,364.249079,548.208527,154.7296,6.348273850923228,3.974957325561311,21.00580328050697,58.15451531034123
20241030_AMmilled12-1_15,unknown,2025-07-24 15:03:08,0,478.790707,448.820972,125.428471,7.208452035190777,4.847734298008304,22.58690461574354,44.27281771917774
20241030_AMmilled12-1_15,unknown,2025-07-24 15:03:08,0,391.350088,515.454198,157.46307,8.389442563896301,5.335409273732773,21.722058558898503,34.97383700034855
20241030_AMmilled12-1_15,unknown,2025-07-24 15:03:08,0,532.758324,383.191776,139.40997,7.485149954114069,4.716194503429284,21.296980280170374,48.89818385915347
20241030_AMmilled12-1_15,unknown,2025-07-24 15:03:08,0,288.767544,670.631305,105.180311,9.23647459778378,3.785450450698391,19.79682620545234,50.75015900623261
20241030_AMmilled12-1_15,unknown,2025-07-24 15:03:08,0,325.867771,551.806353,191.58961,7.895645863816415,4.291665186815139,22.33573486974272,35.17211038662188
20241030_AMmilled12-1_15,unknown,2025-07-24 15:03:08,0,497.207955,440.549091,113.365053,6.124064104090851,5.16831505854042,22.29480062480845,40.8472911996944
20241030_AMmilled12-1_15,unknown,2025-07-24 15:03:08,0,501.939776,409.622605,135.70139,10.214514507190444,3.1428603595158515,20.36406752369369,11.670112455623178
20241030_AMmilled12-1_15,unknown,2025-07-24 15:03:08,0,371.856244,526.365279,168.706066,6.8631423221071,4.169996963413848,22.79581457401008,45.44859919695949
20241030_AMmilled12-1_15,unknown,2025-07-24 15:03:08,0,318.980596,556.550644,193.250942,5.995507671958798,3.395518448603928,24.337656718395884,41.93060380968424
20241030_AMmilled12-1_15,unknown,2025-07-24 15:03:08,0,320.93421,634.229217,116.548086,6.574469184821203,5.337267429509834,20.89596247563299,64.28448699289517
20241030_AMmilled12-1_15,unknown,2025-07-24 15:03:08,0,345.356875,593.395011,123.95352,6.869422226082065,2.6206656182026515,21.824440989197704,66.72317549721309
20241030_AMmilled12-1_15,unknown,2025-07-24 15:03:08,0,345.71508,598.266938,119.123926,6.869422226082065,3.274810576465029,21.59894164597501,69.63379709471994
20241030_AMmilled12-1_15,unknown,2025-07-24 15:03:08,0,273.659165,648.431602,157.219453,7.917104854967227,3.952801455746684,23.14482886272948,29.891349793659487
20241030_AMmilled12-1_15,unknown,2025-07-24 15:03:08,0,226.214909,724.833927,148.496621,10.19924640211768,4.75623544961459,20.549865570554097,54.191472353927935
20241030_AMmilled12-1_15,unknown,2025-07-24 15:03:08,0,425.264862,487.41187,141.104943,7.640341848094859,3.0226237797199067,22.299976613210063,19.194549076421463
20241030_AMmilled12-1_15,unknown,2025-07-24 15:03:08,0,486.540422,377.148302,202.706087,9.565504384429907,10.56193124677618,25.405811277818373,72.94424767575545
20241030_AMmilled12-1_15,unknown,2025-07-24 15:03:08,0,297.793352,588.065539,202.926582,22.24699595371557,12.744407878145418,28.85321942389443,40.24000740698078
20241030_AMmilled12-1_15,unknown,2025-07-24 15:03:08,0,430.726716,446.210352,182.210444,10.639864948777577,6.20345942637719,21.18101797351729,30.5106407800371
20241030_AMmilled12-1_15,unknown,2025-07-24 15:03:08,0,330.137652,602.848612,139.708108,8.807515167116856,4.279608511056014,22.398600569684383,44.43130056082445
20241030_AMmilled12-1_15,unknown,2025-07-24 15:03:08,0,448.205447,430.588122,174.77035,9.87099984588618,4.618637790828275,20.86489217461044,18.728768671787087
20241030_AMmilled12-1_15,unknown,2025-07-24 15:03:08,0,323.042852,597.979689,151.776945,8.030107779922801,3.557366407432636,21.368290082417605,32.464123354433
20241030_AMmilled12-1_15,unknown,2025-07-24 15:03:08,0,283.836992,638.565594,160.124825,6.374884542292176,6.323949314192246,22.147318274658502,33.00284602951495
20241030_AMmilled12-1_15,unknown,2025-07-24 15:03:08,0,247.934455,697.097922,147.776604,25.86825490209072,8.468411181661077,10.79718935355736,22.968879465953343
20241030_AMmilled12-1_15,unknown,2025-07-24 15:03:08,0,397.002673,535.436664,114.497738,7.746351678678199,4.059108071253266,21.3264668854086,60.59271464441921
20241030_AMmilled12-1_15,unknown,2025-07-24 15:03:08,0,382.780802,532.66168,147.330651,7.118409801078006,4.0264122257665145,21.840686107415955,52.83270311929165
20241030_AMmilled12-1_15,unknown,2025-07-24 15:03:08,0,216.037737,754.966129,112.768544,8.950325258177253,4.815423295700509,21.60966290670904,87.61641440259478
20241030_AMmilled12-1_15,unknown,2025-07-24 15:03:08,0,405.779907,506.747101,144.393982,7.873940846423291,3.521825194079509,22.042702718575967,21.194061410578737
20241030_AMmilled12-1_15,unknown,2025-07-24 15:03:08,0,309.102692,564.122944,200.449519,7.118545983188055,6.429048067598722,28.52610717877345,53.28170434212331
20241030_AMmilled12-1_15,unknown,2025-07-24 15:03:08,0,272.890645,656.066353,155.269965,5.910649696731165,6.7012669359767605,19.34737583206796,34.86381578052562
20241030_AMmilled12-1_15,unknown,2025-07-24 15:03:08,0,324.475953,608.828184,142.832561,6.350192216808804,4.891888980288552,22.02676171053664,38.532521236654986
20241030_AMmilled12-1_15,unknown,2025-07-24 15:03:08,0,289.487602,665.382367,114.918159,11.085825062768738,4.1776505435275,19.558948717927503,47.13414309257017
20241030_AMmilled12-1_15,unknown,2025-07-24 15:03:08,0,533.822639,380.039821,153.00402,13.201106901548648,9.73023152831242,20.528942384068586,53.93409088822554
20241030_AMmilled12-1_15,unknown,2025-07-24 15:03:08,0,236.974445,737.056271,100.044969,8.337743515516731,4.540918237288841,19.442214185916463,70.88865906875796
20241030_AMmilled12-1_15,unknown,2025-07-24 15:03:08,0,392.496447,497.102105,172.706764,9.723207161056765,4.61352145085608,22.11949564006237,31.08343614457968
20241030_AMmilled12-1_15,unknown,2025-07-24 15:03:08,0,210.470657,763.127531,122.889596,8.75019607456455,10.332547043708688,21.33220592386876,95.07335135705154
20241030_AMmilled12-1_15,unknown,2025-07-24 15:03:08,0,397.157171,524.499381,141.191056,7.008281031499009,6.7157354295374825,19.64596784827528,40.47653096782479
20241030_AMmilled12-1_15,unknown,2025-07-24 15:03:08,0,209.29425,720.140467,180.857611,8.45002135813705,6.488150574606954,23.34864738799408,73.61257815406942
20241030_AMmilled12-1_15,unknown,2025-07-24 15:03:08,0,258.479086,673.717834,144.407798,10.467548309767873,2.9357337514476423,19.855176329786705,12.93812125088023
20241030_AMmilled12-1_15,unknown,2025-07-24 15:03:08,0,430.03966,482.221046,144.04288,7.640341848094859,4.530265018861147,21.179430097638008,23.297072634482152
20241030_AMmilled12-1_15,unknown,2025-07-24 15:03:08,0,268.144737,659.410859,156.377402,5.910649696731165,6.2424835336783016,19.24199376277978,32.991091558495505
20241030_AMmilled12-1_15,unknown,2025-07-24 15:03:08,0,442.055513,419.237925,190.092924,14.64740155364798,3.909026858761055,21.559189252173425,36.82465088402094
20241030_AMmilled12-1_15,unknown,2025-07-24 15:03:08,0,521.454203,384.223047,154.951232,8.34670939005976,6.6143769150784575,19.674402492556144,42.94902742886819
20241030_AMmilled12-1_15,unknown,2025-07-24 15:03:08,0,315.417313,612.56364,150.279776,6.741028240613631,4.798679404006843,21.58215814553432,28.153465249550152
20241030_AMmilled12-1_15,unknown,2025-07-24 15:03:08,0,385.344459,538.233334,130.193495,5.396430125349462,3.950077938778412,22.52255629067212,59.44903167988878
20241030_AMmilled12-1_15,unknown,2025-07-24 15:03:08,0,332.811592,616.20423,120.603627,5.711506599337277,4.942718006543721,22.14464008685327,60.9454015633585
20241030_AMmilled12-1_15,unknown,2025-07-24 15:03:08,0,377.032209,552.928351,120.391689,8.04397317451231,5.531730767443538,21.43438233572069,78.51577731373108
20241030_AMmilled12-1_15,unknown,2025-07-24 15:03:08,0,203.961238,745.240972,174.509122,7.689671054614646,15.364374345161634,22.17578005923604,90.14460881103544
20241030_AMmilled12-1_15,unknown,2025-07-24 15:03:08,0,371.280291,547.024577,146.408361,7.713727457376631,4.163559958780697,21.38851638695421,67.21400039284529
20241030_AMmilled12-1_15,unknown,2025-07-24 15:03:08,0,364.894609,546.276981,165.723383,9.950479213921868,9.00650386798632,16.31223457542493,50.00860217750543
20241030_AMmilled12-1_15,unknown,2025-07-24 15:03:08,0,213.210235,754.9785,121.260505,8.75019607456455,5.110015382672909,23.44279449119583,86.87998962566058
20241030_AMmilled12-1_15,unknown,2025-07-24 15:03:08,0,204.614062,729.516233,188.915395,6.269129464280377,14.5689214243927,21.758168200108063,86.54326023011531
20241030_AMmilled12-1_15,unknown,2025-07-24 15:03:08,0,437.968907,445.397633,174.150525,8.002798974585643,5.764350556677677,21.385611413702392,20.733911454743755
20241030_AMmilled12-1_15,unknown,2025-07-24 15:03:08,0,382.600101,547.144938,119.88551,8.04397317451231,6.847699836836442,21.020713295379373,71.72314581347138
20241030_AMmilled12-1_15,unknown,2025-07-24 15:03:08,0,476.66401,423.777116,153.363855,6.384300677821619,5.348224286750701,19.711492664828643,27.13256831621423
20241030_AMmilled12-1_15,unknown,2025-07-24 15:03:08,0,428.657218,470.238877,157.015093,6.913192319204341,4.81897208994871,20.67809070513984,27.99976669925961
20241030_AMmilled12-1_15,unknown,2025-07-24 15:03:08,0,416.159253,444.450818,196.384015,10.35565090294219,4.284306703847451,21.44280096372309,49.16214631804286
20241030_AMmilled12-1_15,unknown,2025-07-24 15:03:08,0,434.764755,467.903758,154.770669,6.913192319204341,5.631395330438747,20.21024485967144,33.52439738577025
20241030_AMmilled12-1_15,unknown,2025-07-24 15:03:08,0,396.247361,515.73653,149.797031,6.699012768020424,5.0215955742738405,21.53154576518739,31.906142876896336
20241030_AMmilled12-1_15,unknown,2025-07-24 15:03:08,0,360.140856,538.522702,169.758854,6.951403098046438,4.289525738646426,21.519703390335447,40.72135181001045
20241030_AMmilled12-1_15,unknown,2025-07-24 15:03:08,0,264.394376,674.935652,135.858188,8.226847880060156,3.602056466848756,19.75224681551192,15.429563793221565
20241030_AMmilled12-1_15,unknown,2025-07-24 15:03:08,0,353.498808,546.676028,168.132155,10.641413258265125,3.8879511714205055,21.398810593292644,43.27964419443671
20241030_AMmilled12-1_15,unknown,2025-07-24 15:03:08,0,339.075112,601.763984,126.412884,6.797061206400938,4.013908939496236,22.07671763560276,59.70536794192954
20241030_AMmilled12-1_15,unknown,2025-07-24 15:03:08,0,481.991723,441.941595,130.994459,8.942922949951642,5.965535924639822,21.043268969523343,35.81720286828731
20241030_AMmilled12-1_15,unknown,2025-07-24 15:03:08,0,417.288287,451.614384,188.991579,10.35565090294219,4.8227558497500524,20.613019681559702,44.82001428006173
20241030_AMmilled12-1_15,unknown,2025-07-24 15:03:08,0,403.995154,520.500972,130.23152,6.217409015444145,4.146260270637943,22.576841773129384,38.96344160020502
20241030_AMmilled12-1_15,unknown,2025-07-24 15:03:08,0,423.675618,475.27032,155.131431,7.32665952208054,3.489715024897378,21.601156279648308,20.81206359983684
20241030_AMmilled12-1_15,unknown,2025-07-24 15:03:08,0,331.718782,611.246319,128.740374,6.003399979342191,4.852404164575461,22.760213743435614,53.42502126349403
20241030_AMmilled12-1_15,unknown,2025-07-24 15:03:08,0,208.279427,734.126901,176.132225,6.700484198851435,11.523547175142536,22.065824246052728,80.59052407368344
20241030_AMmilled12-1_15,unknown,2025-07-24 15:03:08,0,318.705601,576.209764,178.834435,12.227289544347004,4.172275199096682,21.2671497760571,38.45664365333876
20241030_AMmilled12-1_15,unknown,2025-07-24 15:03:08,0,311.107645,628.386921,145.057247,8.104568795347161,7.563313144842346,18.562233332207768,37.16674470196639
20241030_AMmilled12-1_15,unknown,2025-07-24 15:03:08,0,213.777971,750.454911,145.255542,7.977855610516259,10.208900645433475,20.59191264144187,81.75973040473136
20241030_AMmilled12-1_15,unknown,2025-07-24 15:03:08,0,436.207934,451.165641,168.889931,8.002798974585643,5.01047497592297,20.8657313863653,21.254659052092627
20241030_AMmilled12-1_15,unknown,2025-07-24 15:03:08,0,243.584787,659.528486,182.294339,5.160131044274948,3.839264351852645,18.03083291204916,28.322005550369923
20241030_AMmilled12-1_15,unknown,2025-07-24 15:03:08,0,414.382643,505.783815,134.461624,7.6231682565558465,3.3720431644532547,22.390413594827795,24.96978934602363
20241030_AMmilled12-1_15,unknown,2025-07-24 15:03:08,0,290.464846,673.14847,96.457037,9.23647459778378,3.941801082423293,20.59320403097309,57.46998795648106
20241030_AMmilled12-1_15,unknown,2025-07-24 15:03:08,0,465.05177,430.092688,156.149649,5.951177425265842,3.916644472947324,22.14370548016052,21.43352314858397
20241030_AMmilled12-1_15,unknown,2025-07-24 15:03:08,0,401.310685,531.522935,119.609462,7.746351678678199,4.964670012672413,20.61152589320648,53.98164132567746
20241030_AMmilled12-1_15,unknown,2025-07-24 15:03:08,0,272.164613,660.356442,144.269959,4.464196099028588,3.484740953039669,21.581793823341936,29.699989595409328
20241030_AMmilled12-1_15,unknown,2025-07-24 15:03:08,0,375.628786,530.505578,161.233208,5.932431506520617,4.620611762001004,21.24146243370007,53.84592537026463
20241030_AMmilled12-1_15,unknown,2025-07-24 15:03:08,0,415.633656,486.386639,152.082692,5.392030673540927,2.85090910875277,22.10677450551368,9.341662458511546
20241030_AMmilled12-1_15,unknown,2025-07-24 15:03:08,0,275.811932,657.834452,143.75452,4.464196099028588,3.8572137930727934,21.29018337511697,33.86800868173843
20241030_AMmilled12-1_15,unknown,2025-07-24 15:03:08,0,439.461681,440.151901,181.760684,7.005478156257017,8.472924139660606,19.7049479475225,25.56626989945836
20241030_AMmilled12-1_15,unknown,2025-07-24 15:03:08,0,383.421581,472.670428,205.516395,5.475770674140939,6.07722605212445,27.664860089367803,63.85400840168472
20241030_AMmilled12-1_15,unknown,2025-07-24 15:03:08,0,248.21257,657.245851,182.306763,5.160131044274948,5.670610796851039,17.713238695566666,24.608341377590893
20241030_AMmilled12-1_15,unknown,2025-07-24 15:03:08,0,329.428422,595.761363,147.442645,8.030107779922801,4.429420761908218,20.87130912743412,40.36044357588994
20241030_AMmilled12-1_15,unknown,2025-07-24 15:03:08,0,213.728937,728.614172,171.74206,8.908472876692455,8.943515839841163,20.92967523229241,71.77406714378628
20241030_AMmilled12-1_15,unknown,2025-07-24 15:03:08,0,400.155897,517.534854,139.945406,7.684311151905845,4.002059035009775,22.313455065421305,33.39120642791632
20241030_AMmilled12-1_15,unknown,2025-07-24 15:03:08,0,381.844668,525.072101,158.583759,5.550380347852303,4.373944135863718,21.869094247219223,47.97594764777384
20241030_AMmilled12-1_15,unknown,2025-07-24 15:03:08,0,442.432327,438.593303,174.612868,7.895900135689159,5.231801520544159,21.67258096493872,17.88806705760194
20241030_AMmilled12-1_15,unknown,2025-07-24 15:03:08,0,308.856457,590.129355,175.723734,7.507351691861565,3.931684824962941,22.791567527547937,21.850808071222826
20241030_AMmilled12-1_15,unknown,2025-07-24 15:03:08,0,205.188185,713.78963,202.749308,6.543729205812657,15.624964025893208,18.576002750640747,87.71629403223953
20241030_AMmilled12-1_15,unknown,2025-07-24 15:03:08,0,419.197371,430.79756,204.57233,6.91698452916083,3.77308930789082,26.78809651517861,53.90629605169867
20241030_AMmilled12-1_15,unknown,2025-07-24 15:03:08,0,419.497797,482.629484,151.920842,5.392030673540927,3.15067515437627,21.93623569951337,13.23945155445299
20241030_AMmilled12-1_15,unknown,2025-07-24 15:03:08,0,389.303903,523.891337,153.209844,8.014136632474482,6.397421537701355,20.323627920772285,42.41280842302205
20241030_AMmilled12-1_15,unknown,2025-07-24 15:03:08,0,330.126757,634.247328,98.058144,6.401010039559487,5.603936548689987,21.35518287036628,82.87244123055464
20241030_AMmilled12-1_15,unknown,2025-07-24 15:03:08,0,322.469637,621.81822,133.63188,9.659359684520968,6.2009371955022266,21.40539230737507,46.92321633149019
20241030_AMmilled12-1_15,unknown,2025-07-24 15:03:08,0,394.669409,529.568016,129.591953,6.976221100882999,3.790435351035678,22.847609716058063,48.993219822875766
20241030_AMmilled12-1_15,unknown,2025-07-24 15:03:08,0,318.931863,628.933935,122.926067,7.302122191937397,3.615795119629877,23.17777325272824,56.00387074140785
20241030_AMmilled12-1_15,unknown,2025-07-24 15:03:08,0,301.521748,620.639877,157.41921,9.54414908858288,4.450573173069172,23.071307279502683,21.22760482517376
20241030_AMmilled12-1_15,unknown,2025-07-24 15:03:08,0,385.332953,515.163614,168.530152,8.01564476723318,6.782989488420627,21.11450066600325,42.08268856475713
20241030_AMmilled12-1_15,unknown,2025-07-24 15:03:08,0,323.870031,623.65192,123.943811,7.302122191937397,4.384242735476391,22.67482140712977,55.40960961119367
20241030_AMmilled12-1_15,unknown,2025-07-24 15:03:08,0,266.227814,665.993912,147.256646,7.310464455772094,4.618914586191929,19.833410209228017,23.28039279889835
20241030_AMmilled12-1_15,unknown,2025-07-24 15:03:08,0,407.505705,492.417172,155.313925,10.624113253480443,2.6092984300118904,22.101146160857887,9.95045401922671
20241030_AMmilled12-1_15,unknown,2025-07-24 15:03:08,0,399.480453,501.529987,157.731708,5.259467915696895,3.665916690739547,22.024814982682443,20.12438532973943
20241030_AMmilled12-1_15,unknown,2025-07-24 15:03:08,0,209.819202,707.972726,199.009761,8.32267399125511,13.20473486539508,15.37401149043324,80.21188880745508
20241030_AMmilled12-1_15,unknown,2025-07-24 15:03:08,0,208.435629,744.660219,164.040956,11.39912050429532,11.887594729463268,21.69196366096348,83.48907462860622
20241030_AMmilled12-1_15,unknown,2025-07-24 15:03:08,0,210.50983,732.243525,182.889351,7.360744152574586,15.584334563969586,18.00839514640057,81.80732775433769
20241030_AMmilled12-1_15,unknown,2025-07-24 15:03:08,0,514.154278,419.582909,109.787047,8.497678880888056,4.373891011273503,22.88194997282675,37.68027743178836
20241030_AMmilled12-1_15,unknown,2025-07-24 15:03:08,0,438.135768,433.483542,183.449372,7.005478156257017,5.012459720601765,22.32457761640628,27.13146750746637
20241030_AMmilled12-1_15,unknown,2025-07-24 15:03:08,0,369.636239,551.365125,139.928382,5.998357788110335,3.406894525989,22.237166822192897,73.26481729207755
20241030_AMmilled12-1_15,unknown,2025-07-24 15:03:08,0,472.37423,433.133437,150.332446,7.360057200708856,6.515230663539793,19.952602012633825,28.95294037684952
20241030_AMmilled12-1_15,unknown,2025-07-24 15:03:08,0,380.945218,520.224574,164.127309,6.689279270459397,4.115376069604325,22.98735268146499,46.283829896081016
20241030_AMmilled12-1_15,unknown,2025-07-24 15:03:08,0,533.029886,399.82885,110.122651,12.047643732762763,5.005042539127448,17.984302285241814,50.67909125861225
20241030_AMmilled12-1_15,unknown,2025-07-24 15:03:08,0,371.419385,534.382364,162.796927,5.932431506520617,4.9985461663473165,20.946010224020608,50.87327375995337
20241030_AMmilled12-1_15,unknown,2025-07-24 15:03:08,0,214.442249,761.124392,131.611974,6.470165114030884,13.340079052864098,17.934820810976166,90.83887525829668
20241030_AMmilled12-1_15,unknown,2025-07-24 15:03:08,0,369.184564,544.453548,153.372507,6.348273850923228,4.227574657085571,20.99977479272668,59.87687262894664
20241030_AMmilled12-1_15,unknown,2025-07-24 15:03:08,0,225.290979,741.626622,121.205722,8.473107467279817,4.671325413974747,21.46458363017163,70.22374250421325
20241030_AMmilled12-1_15,unknown,2025-07-24 15:03:08,0,504.217444,415.593539,127.732922,7.406026905122174,3.9940197898100416,21.017619021164776,18.1741331910383
20241030_AMmilled12-1_15,unknown,2025-07-24 15:03:08,0,369.121297,554.822757,135.053968,5.180291706157156,3.4918141167400574,21.92461757511239,78.42501299531335
20241030_AMmilled12-1_15,unknown,2025-07-24 15:03:08,0,320.800074,564.136873,191.79753,6.118378504165686,7.513279476197617,19.697871572346667,48.34949306261272
20241030_AMmilled12-1_15,unknown,2025-07-24 15:03:08,0,414.935316,435.622581,207.101902,6.91698452916083,5.289629199146198,25.247373784130343,57.99272513061954
20241030_AMmilled12-1_15,unknown,2025-07-24 15:03:08,0,436.010381,478.859985,139.45099,8.248132763096248,3.761254764271212,22.46512263564533,30.676278285678805
20241030_AMmilled12-1_15,unknown,2025-07-24 15:03:08,0,400.562202,526.694936,127.206987,6.976221100882999,4.568349193830682,21.89723976319264,46.21179182040979
20241030_AMmilled12-1_15,unknown,2025-07-24 15:03:08,0,486.531821,443.34986,121.142719,10.403152535796243,3.8207859874856767,23.46042463980189,39.13264881966268
20241030_AMmilled12-1_15,unknown,2025-07-24 15:03:08,0,484.748422,381.76051,194.519809,9.565504384429907,7.219727057861349,22.09437354128278,63.73599751973696
20241030_AMmilled12-1_15,unknown,2025-07-24 15:03:08,0,329.917296,624.393603,111.859834,6.927957842377322,4.035139876737823,22.42854962005907,68.20443359322017
20241030_AMmilled12-1_15,unknown,2025-07-24 15:03:08,0,506.983358,433.664574,109.393376,5.612527739686346,6.377129827222106,20.94514757003361,41.0973525550549
20241030_AMmilled12-1_15,unknown,2025-07-24 15:03:08,0,286.553177,633.170175,162.162212,6.374884542292176,5.667721703895017,23.277423317172023,31.71223225604135
20241030_AMmilled12-1_15,unknown,2025-07-24 15:03:08,0,318.068262,568.373568,188.198966,6.193710050403095,5.360896819080333,21.13333762684299,47.51814560785078
20241030_AMmilled12-1_15,unknown,2025-07-24 15:03:08,0,250.852129,642.756516,189.207696,12.578120440699568,3.619877529585312,27.1424247572029,15.98616850242198
20241030_AMmilled12-1_15,unknown,2025-07-24 15:03:08,0,519.721687,416.094566,104.397616,8.497678880888056,5.9310983074781145,23.740613076565698,44.27475932865311
20241030_AMmilled12-1_15,unknown,2025-07-24 15:03:08,0,407.767945,516.232023,132.721158,6.217409015444145,4.956302209472549,21.549156786702664,33.88969137237659
20241030_AMmilled12-1_15,unknown,2025-07-24 15:03:08,0,334.151513,585.606676,149.151607,6.977292221867873,3.59266718700324,20.507216475913765,46.556569249514666
20241030_AMmilled12-1_15,unknown,2025-07-24 15:03:08,0,377.29909,545.851416,135.343307,6.487012848869711,4.328661702324195,21.88845673546036,68.21710404150586
20241030_AMmilled12-1_15,unknown,2025-07-24 15:03:08,0,477.841078,426.004715,146.974731,6.867939419418391,3.5876930575237647,21.789965912582502,24.6554267069867
20241030_AMmilled12-1_15,unknown,2025-07-24 15:03:08,0,325.159391,615.189973,140.123012,6.292149864326535,7.286731124113192,20.486534923435087,42.16578702392914
20241030_AMmilled12-1_15,unknown,2025-07-24 15:03:08,0,267.846307,669.657849,141.141179,7.310464455772094,5.008717636059501,19.288304067456696,20.795941156264064
20241030_AMmilled12-1_15,unknown,2025-07-24 15:03:08,0,496.423024,445.870888,110.438191,6.124064104090851,5.996589993490493,21.58522828594637,46.71068167672664
20241030_AMmilled12-1_15,unknown,2025-07-24 15:03:08,0,280.369182,653.994084,142.814971,6.033216908194599,3.749151688996267,21.69786693998377,39.51910599793688
20241030_AMmilled12-1_15,unknown,2025-07-24 15:03:08,0,364.864658,533.434637,170.104244,6.685817438180472,4.526143381933173,21.945655622231207,41.30695668643379
20241030_AMmilled12-1_15,unknown,2025-07-24 15:03:08,0,435.513912,474.781201,148.138831,9.583409293520871,5.69752845326172,20.4019031307796,30.28323934468025
20241030_AMmilled12-1_15,unknown,2025-07-24 15:03:08,0,345.103413,619.509106,99.16315,6.465546736309177,6.190744305750656,19.627670642541688,85.48955420329685
20241030_AMmilled12-1_15,unknown,2025-07-24 15:03:08,0,461.082522,432.033819,160.136326,5.951177425265842,4.998766224786843,20.92459709318447,17.373159224475987
20241030_AMmilled12-1_15,unknown,2025-07-24 15:03:08,0,390.871805,532.060692,135.253355,7.258560627796417,4.940671278342903,21.545275754508168,50.60431745854721
20241030_AMmilled12-1_15,unknown,2025-07-24 15:03:08,0,465.821717,443.855474,141.985642,7.849286856174404,3.531954165862417,22.36784732414838,27.59772150446308
20241030_AMmilled12-1_15,unknown,2025-07-24 15:03:08,0,487.005009,429.337175,136.917037,8.050527738850658,5.13043576426004,20.881378109746187,22.02802515102553
20241030_AMmilled12-1_15,unknown,2025-07-24 15:03:08,0,315.069703,636.889752,117.872003,6.574469184821203,3.435037274361619,22.83654179923782,62.44006992105195
20241030_AMmilled12-1_15,unknown,2025-07-24 15:03:08,0,341.483859,604.844441,118.151428,7.881150247638587,3.5862166598804324,22.239804832196512,67.13867816278089
20241030_AMmilled12-1_15,unknown,2025-07-24 15:03:08,0,383.784307,467.270163,206.346836,5.475770674140939,3.95351577784095,29.202816625961443,65.7918792500695
20241030_AMmilled12-1_15,unknown,2025-07-24 15:03:08,0,450.638555,458.276203,145.6086,8.903116382546596,3.819707931765944,21.685594801904948,26.330032976353685
20241030_AMmilled12-1_15,unknown,2025-07-24 15:03:08,0,457.567917,443.343105,152.637034,8.578601557625252,4.674922685993132,21.519278610019374,16.056942983754002
20241030_AMmilled12-1_15,unknown,2025-07-24 15:03:08,0,208.133695,762.535627,131.340683,6.470165114030884,10.887562651566345,22.76369446694288,94.71302578175988
20241030_AMmilled12-1_15,unknown,2025-07-24 15:03:08,0,461.068205,482.93725,105.443791,10.022524962182588,3.178249188315561,23.89037484273701,68.48163111973835
20241030_AMmilled12-1_15,unknown,2025-07-24 15:03:08,0,366.819423,523.022386,180.134012,6.484699120845462,5.448193992088707,21.96913036380393,34.44878624366267
20241030_AMmilled12-1_15,unknown,2025-07-24 15:03:08,0,379.945284,542.16403,139.978194,6.487012848869711,5.264328757675377,20.89105071232076,63.07852942081045
20241030_AMmilled12-1_15,unknown,2025-07-24 15:03:08,0,530.995522,387.865003,133.834941,6.0024588567322725,4.876099017556872,20.04630195729557,45.14320949516069
20241030_AMmilled12-1_15,unknown,2025-07-24 15:03:08,0,200.287041,726.983773,202.442919,7.842874956217493,20.134302577884423,24.77038776403896,96.15259426396574
20241030_AMmilled12-1_15,unknown,2025-07-24 15:03:08,0,510.582477,427.092393,112.668461,7.843381415479742,6.958156873691327,20.134213593733364,36.79862105486761
20241030_AMmilled12-1_15,unknown,2025-07-24 15:03:08,0,448.356911,463.385478,152.533547,5.517322179729406,9.299398828028224,16.536488124624977,28.59646441939645
20241030_AMmilled12-1_15,unknown,2025-07-24 15:03:08,0,319.48728,621.442025,143.689984,5.598978799127045,8.51158668563865,18.44674267100764,38.539097931428536
20241030_AMmilled12-1_15,unknown,2025-07-24 15:03:08,0,379.394097,514.886106,176.932558,9.482024342907684,7.333280577830442,21.56095827071091,47.017794704774346
20241030_AMmilled12-1_15,unknown,2025-07-24 15:03:08,0,320.344919,638.707945,107.265119,10.323746640815749,4.141253668635209,21.76455601419113,73.49396044111597
20241030_AMmilled12-1_15,unknown,2025-07-24 15:03:08,0,416.488827,510.388486,127.768437,7.487651517106101,3.946864971775832,21.914333309435364,32.9461994621077
20241030_AMmilled12-1_15,unknown,2025-07-24 15:03:08,0,399.609329,474.532526,187.372088,5.790437967452642,6.506949070954242,20.234235475778043,41.88279087447177
20241030_AMmilled12-1_15,unknown,2025-07-24 15:03:08,0,481.194931,434.888907,136.435101,8.050527738850658,4.353738196646611,21.88051061477795,28.83623692681305
20241030_AMmilled12-1_15,unknown,2025-07-24 15:03:08,0,437.457569,507.045671,117.30072,20.676060420129588,8.067005052410115,15.75106330397742,47.8032764376295
20241030_AMmilled12-1_15,unknown,2025-07-24 15:03:08,0,293.478214,620.346307,167.171821,5.345978225362129,5.245725547950019,23.636941063928514,17.890191694093566
20241030_AMmilled12-1_15,unknown,2025-07-24 15:03:08,0,444.403636,459.540056,152.374832,5.517322179729406,4.983379014179629,20.9545750689925,24.55319637750385
20241030_AMmilled12-1_15,unknown,2025-07-24 15:03:08,0,347.535885,627.728904,91.685191,5.473062916534114,11.96526605447339,17.18606589733498,94.650061607799
20241030_AMmilled12-1_15,unknown,2025-07-24 15:03:08,0,376.253772,521.672396,171.102171,6.8631423221071,5.665320147841784,22.010494540368505,47.047626368505405
20241030_AMmilled12-1_15,unknown,2025-07-24 15:03:08,0,215.047348,749.124642,134.095335,7.099360999166128,5.595326535364276,22.987860409836475,79.53497682009493
20241030_AMmilled12-1_15,unknown,2025-07-24 15:03:08,0,432.619581,427.079614,198.094016,8.756486799119436,6.469953368028307,21.359299126504936,43.43957614078372
20241030_AMmilled12-1_15,unknown,2025-07-24 15:03:08,0,315.224223,563.299769,194.947685,6.458663484424791,5.319196794060378,23.8746588881273,49.52035530809432
20241030_AMmilled12-1_15,unknown,2025-07-24 15:03:08,0,330.367401,611.595011,138.136474,6.632756076246697,8.113020641979865,19.47990888456141,46.43837180475832
20241030_AMmilled12-1_15,unknown,2025-07-24 15:03:08,0,393.741459,519.762254,145.065142,6.699012768020424,3.45549818203738,23.207429845398494,36.60568320194362
20241030_AMmilled12-1_15,unknown,2025-07-24 15:03:08,0,462.31607,448.261414,147.454594,7.849286856174404,7.073949008087507,18.74601051797735,24.10826635689572
20241030_AMmilled12-1_15,unknown,2025-07-24 15:03:08,0,236.113287,735.075207,108.098028,8.337743515516731,5.188655411776778,19.6526685601026,65.54986018421302
20241030_AMmilled12-1_15,unknown,2025-07-24 15:03:08,0,323.08364,558.914459,189.573508,5.995507671958798,5.306303937873477,21.320393860288547,43.0251183859914
20241030_AMmilled12-1_15,unknown,2025-07-24 15:03:08,0,347.622696,619.546071,93.208728,1.6046753154519906,6.392366173311029,20.445786234396195,91.6503370590956
20241030_AMmilled12-1_15,unknown,2025-07-24 15:03:08,0,500.366648,433.403947,115.037587,7.9892298896789935,4.513744224911418,23.19019976650782,35.01882871604548
20241030_AMmilled12-1_15,unknown,2025-07-24 15:03:08,0,384.507523,520.203637,158.465507,5.550380347852303,3.644292992338896,23.28419365764503,42.57488858610709
20241030_AMmilled12-1_15,unknown,2025-07-24 15:03:08,0,395.658402,480.948601,185.600028,7.74054514931303,6.112189747655958,20.722812083328414,39.865447199197575
20241030_AMmilled12-1_15,unknown,2025-07-24 15:03:08,0,343.451144,550.220782,174.634659,12.482122858209172,3.885753032387351,20.843219469198413,38.993258706390336
20241030_AMmilled12-1_15,unknown,2025-07-24 15:03:08,0,479.213238,461.526988,113.68574,9.89901626487674,4.787821835907162,22.178525711960337,59.65184700641751
20241030_AMmilled12-1_15,unknown,2025-07-24 15:03:08,0,217.435373,744.777615,141.008437,7.977855610516259,6.722374531395688,21.379961224025127,74.71236398072092
20241030_AMmilled12-1_15,unknown,2025-07-24 15:03:08,0,525.29657,400.82659,119.306662,5.31873398490534,4.686258959088363,20.259468854848755,39.43077883445506
20241030_AMmilled12-1_15,unknown,2025-07-24 15:03:08,0,352.485847,575.771324,134.190686,21.59203911079973,2.722088711701916,19.28567208308409,71.55723186046893
20241030_AMmilled12-1_15,unknown,2025-07-24 15:03:08,0,386.851639,502.20823,178.75692,9.723207161056765,6.92006397582715,21.03112922847652,40.54811405404725
20241030_AMmilled12-1_15,unknown,2025-07-24 15:03:08,0,395.489208,503.784499,163.209456,7.142729461464485,4.868635810560527,21.322645144556567,26.420325499687426
20241030_AMmilled12-1_15,unknown,2025-07-24 15:03:08,0,499.202467,420.903035,128.961129,5.631770359712245,4.2697068203300965,21.37452778826278,17.627787041081625
20241030_AMmilled12-1_15,unknown,2025-07-24 15:03:08,0,416.474723,517.027188,131.231436,7.487651517106101,9.882499776844226,16.34484267355904,36.43863992692701
20241030_AMmilled12-1_15,unknown,2025-07-24 15:03:08,0,442.498537,444.035526,167.510381,8.152569886672842,4.170043869154847,22.31336741330241,13.614315066625457
20241030_AMmilled12-1_15,unknown,2025-07-24 15:03:08,0,525.470897,397.351807,123.329649,5.31873398490534,4.19655373156119,20.713090852092044,38.77622072869151
20241030_AMmilled12-1_15,unknown,2025-07-24 15:03:08,0,518.055784,430.555411,99.469226,8.433490894900208,13.674641833128248,20.284695448741072,51.59246356449718
20241030_AMmilled12-1_15,unknown,2025-07-24 15:03:08,0,512.476633,427.405304,105.063667,7.843381415479742,6.469300676597699,22.76844156785974,43.20885548723427
20241030_AMmilled12-1_15,unknown,2025-07-24 15:03:08,0,299.164265,664.844945,100.922401,9.120362500819034,4.748266023723427,19.958322176203765,62.452596356412855
20241030_AMmilled12-1_15,unknown,2025-07-24 15:03:08,0,370.053838,556.790767,130.353678,5.180291706157156,3.740921334115389,21.662105958714285,81.98951164526147
20241030_AMmilled12-1_15,unknown,2025-07-24 15:03:08,0,519.425976,394.159648,136.956884,12.38342891775466,4.028036008167155,20.32989006562441,31.913253466211696
20241030_AMmilled12-1_15,unknown,2025-07-24 15:03:08,0,478.5419,454.968505,121.069921,6.763484995163413,5.217653674656796,21.84140775564693,51.24954975494659
20241030_AMmilled12-1_15,unknown,2025-07-24 15:03:08,0,407.885126,525.239638,120.770437,9.167930988140936,4.7562161445692,21.03139744468448,47.74728595876853
20241030_AMmilled12-1_15,unknown,2025-07-24 15:03:08,0,466.574577,495.071495,93.271758,8.917028081949104,13.777385604363133,20.197255951013585,81.03573306445969
20241030_AMmilled12-1_15,unknown,2025-07-24 15:03:08,0,222.312279,740.93291,129.107599,8.473107467279817,3.936041699854419,22.822769404852963,69.42087949002153
20241030_AMmilled12-1_15,unknown,2025-07-24 15:03:08,0,370.48412,538.507825,155.265917,6.373811200370161,2.68002696119742,22.73685669469309,56.92464917051201
20241030_AMmilled12-1_15,unknown,2025-07-24 15:03:08,0,308.525434,622.812602,151.078111,8.60183987695532,6.077628923466312,20.527831263499777,28.841826984332045
20241030_AMmilled12-1_15,unknown,2025-07-24 15:03:08,0,204.773616,739.05905,179.009669,6.700484198851435,14.42278005378295,22.10767148791301,87.27368997577962
20241030_AMmilled12-1_15,unknown,2025-07-24 15:03:08,0,427.122746,433.597236,196.098654,4.63500742144238,5.161187988739573,22.48489663608857,42.65741769510751
20241030_AMmilled12-1_15,unknown,2025-07-24 15:03:08,0,338.497037,625.880556,99.049534,5.844936708905341,5.699107928917836,20.79276682872237,83.3606901476781
20241030_AMmilled12-1_15,unknown,2025-07-24 15:03:08,0,480.491678,418.738905,152.512572,6.384300677821619,4.131274766619713,19.532300287515653,21.89518405691286
20241030_AMmilled12-1_15,unknown,2025-07-24 15:03:08,0,205.485986,723.024837,193.004157,7.7211688353018255,13.696525454310231,21.38163926387097,84.99985040598553
20241030_AMmilled12-1_15,unknown,2025-07-24 15:03:08,0,334.526289,630.049614,100.057205,5.844936708905341,6.118397617858024,20.36008469121728,81.79524084368592
20241030_AMmilled12-1_15,unknown,2025-07-24 15:03:08,0,462.524405,491.436372,100.335424,8.917028081949104,7.639409797175312,20.83854985265904,73.00210001286653
20241030_AMmilled12-1_15,unknown,2025-07-24 15:03:08,0,522.435779,423.631275,101.468164,8.433490894900208,13.44507856582377,21.44909916807646,50.08238613516002
20241030_AMmilled12-1_15,unknown,2025-07-24 15:03:08,0,201.738012,719.323284,203.292789,6.543729205812657,17.050105851679312,22.74820316195813,92.28480313167326
20241030_AMmilled12-1_15,unknown,2025-07-24 15:03:08,0,330.49696,621.384917,121.254986,5.711506599337277,6.687328751501232,20.470661783962083,60.41840279390186
20241030_AMmilled12-1_15,unknown,2025-07-24 15:03:08,0,364.356416,528.237352,177.169379,5.748721720433722,5.279983804960311,21.31577638955182,34.997214422105706
20241030_AMmilled12-1_15,unknown,2025-07-24 15:03:08,0,488.742759,452.631134,107.494528,6.813904008980937,3.5773785965564224,24.52074445863659,53.62056906127666
20241030_AMmilled12-1_15,unknown,2025-07-24 15:03:08,0,318.549544,644.582968,98.689555,10.548912956283722,4.11851723112488,21.68020555377317,82.72295712755185
20241030_AMmilled12-1_15,unknown,2025-07-24 15:03:08,0,476.589326,432.763518,144.310273,7.360057200708856,5.143136845671007,21.07438758303681,29.78565305681936
20241030_AMmilled12-1_15,unknown,2025-07-24 15:03:08,0,490.534573,459.193967,101.972942,8.605570035540735,6.910231456441906,21.253261827451897,62.1097373615678
20241030_AMmilled12-1_15,unknown,2025-07-24 15:03:08,0,418.4725,514.791322,119.959953,6.587020524305239,3.632783357306718,21.642794402630475,41.6498543960991
20241030_AMmilled12-1_15,unknown,2025-07-24 15:03:08,0,386.380058,538.907181,124.940408,5.396430125349462,4.103927214455798,22.632054018481146,61.427515468189846
20241030_AMmilled12-1_15,unknown,2025-07-24 15:03:08,0,439.12318,460.957461,156.589161,6.903102304196438,5.253331321293072,20.37448022873073,26.0395114150806
20241030_AMmilled12-1_15,unknown,2025-07-24 15:03:08,0,305.286303,591.277985,182.227193,7.507351691861565,5.5753203260187165,21.999549050115142,23.051712115127188
20241030_AMmilled12-1_15,unknown,2025-07-24 15:03:08,0,321.814533,614.027581,145.324158,6.292149864326535,7.023827495998797,20.01685675790263,36.26350940467991
20241030_AMmilled12-1_15,unknown,2025-07-24 15:03:08,0,314.460537,622.038296,141.297312,5.598978799127045,4.199990945303381,22.475786387247567,37.25210687485298
20241030_AMmilled12-1_15,unknown,2025-07-24 15:03:08,0,496.165551,432.146583,123.197943,7.422690163667446,5.412110403842018,22.51703929554448,28.518504020403707
20241030_AMmilled12-1_15,unknown,2025-07-24 15:03:08,0,330.867218,628.08743,106.076246,6.927957842377322,4.584506461222794,21.68126782854537,74.50373501163477
20241030_AMmilled12-1_15,unknown,2025-07-24 15:03:08,0,493.408484,429.876214,129.711004,6.235319032203091,5.727384606461782,21.37342120386888,23.49242806398501
20241030_AMmilled12-1_15,unknown,2025-07-24 15:03:08,0,315.493603,618.050115,146.363881,5.882536408305301,5.386830878782082,21.332072526549776,32.727740584923815
20241030_AMmilled12-1_15,unknown,2025-07-24 15:03:08,0,335.363908,606.539492,129.514743,6.003399979342191,5.180653068362073,21.77067148176871,55.0104290447706
20241030_AMmilled12-1_15,unknown,2025-07-24 15:03:08,0,337.602803,633.284866,93.617014,6.591065384510161,9.336163064889725,19.061541748554305,89.57131303413351
20241030_AMmilled12-1_15,unknown,2025-07-24 15:03:08,0,494.401108,451.727953,103.807166,6.813904008980937,5.285003713024775,22.30675451305826,55.0885086924572
20241030_AMmilled12-1_15,unknown,2025-07-24 15:03:08,0,426.535448,418.48502,209.136862,15.042638322068107,4.688036780622246,29.320777522406743,57.54382989243053
20241030_AMmilled12-1_15,unknown,2025-07-24 15:03:08,0,503.50412,444.918726,101.885089,7.9703666423997,6.993093678927538,20.09884968825557,52.57159391232533
20241030_AMmilled12-1_15,unknown,2025-07-24 15:03:08,0,268.950065,725.67646,84.045,17.445745201651725,23.58567752092495,7.176074879586345,73.8316105844484
20241030_AMmilled12-1_15,unknown,2025-07-24 15:03:08,0,451.780464,477.937806,125.137015,5.802809071370262,4.650489342205859,21.260189154301003,50.515514639159946
20241030_AMmilled12-1_15,unknown,2025-07-24 15:03:08,0,265.28007,708.63792,84.802177,17.445745201651725,10.166327305111762,17.488899297257696,62.31165087431079
20241030_AMmilled12-1_15,unknown,2025-07-24 15:03:08,0,400.526043,505.012195,153.931317,5.259467915696895,4.110222702710426,21.539589530526666,21.2063818967337
20241030_AMmilled12-1_15,unknown,2025-07-24 15:03:08,0,361.437794,607.009324,90.509489,8.850227529629874,11.105840639617837,17.312341904284814,100.99787031441656
20241030_AMmilled12-1_15,unknown,2025-07-24 15:03:08,0,360.510949,615.518387,88.259304,8.850227529629874,15.007653341141388,16.008298740925653,102.79996145140512
20241030_AMmilled12-1_15,unknown,2025-07-24 15:03:08,0,388.475207,541.789439,117.291449,8.362260012817005,6.248219396053836,21.103378910477588,66.42394404578643
20241030_AMmilled12-1_15,unknown,2025-07-24 15:03:08,0,335.430866,589.865456,143.77493,6.977292221867873,3.692310915348678,20.90098861968082,48.4897881011145
20241030_AMmilled12-1_15,unknown,2025-07-24 15:03:08,0,429.883103,434.7888,192.571063,4.63500742144238,5.60493160125464,21.83033668307253,38.29731038806074
20241030_AMmilled12-1_15,unknown,2025-07-24 15:03:08,0,503.322923,437.426884,107.406744,0.744577896411797,4.67711926911207,22.48741360546853,43.63158086047832
20241030_AMmilled12-1_15,unknown,2025-07-24 15:03:08,0,473.18293,447.187623,129.653017,7.208452035190777,3.037558073426144,23.833064078631512,41.52760037410849
20241030_AMmilled12-1_15,unknown,2025-07-24 15:03:08,0,200.623504,735.10191,201.289081,8.20662524009601,24.472796865059102,22.46565255192237,99.667095237084
20241030_AMmilled12-1_15,unknown,2025-07-24 15:03:08,0,288.497229,651.026502,134.976238,11.675505385473553,3.0583659360075424,21.92687187627622,47.32907664584158
20241030_AMmilled12-1_15,unknown,2025-07-24 15:03:08,0,202.497528,734.91976,186.543863,6.269129464280377,15.496940957870732,22.623907680524184,89.62007954986778
20241030_AMmilled12-1_15,unknown,2025-07-24 15:03:08,0,342.308859,629.30176,91.286768,5.473062916534114,9.521136029675716,19.93161523610731,92.55888497152704
20241030_AMmilled12-1_15,unknown,2025-07-24 15:03:08,0,505.560827,449.900424,96.013174,7.9703666423997,12.213107443824322,17.921553896779205,60.49567688320597
20241030_AMmilled12-1_15,unknown,2025-07-24 15:03:08,0,347.854766,620.483935,91.927503,1.6046753154519906,7.211003398076512,20.41477811886293,92.97618250866093
20241030_AMmilled12-1_15,unknown,2025-07-24 15:03:08,0,503.408453,437.461706,106.667915,0.744577896411797,4.424792874415831,22.728457633238648,44.17673953301904
20241030_AMmilled12-1_15,unknown,2025-07-24 15:03:08,0,454.462648,479.53247,120.24462,0.1679087873251477,4.418520976734398,21.579306276249905,54.95754784105071
20241030_AMmilled12-1_15,unknown,2025-07-24 15:03:08,0,454.453562,479.542739,120.077272,0.1679087873251477,4.331593879673802,21.67264469244205,55.0327032778771
20241030_AMmilled12-1_15,unknown,2025-07-24 15:03:08,0,294.493968,623.678938,163.117034,5.345978225362129,5.1104069983616505,23.596966013402835,21.29026964885218
20241030_AMmilled12-1_15,unknown,2025-07-24 15:03:08,0,482.479585,452.012671,116.140915,0.4175742950158669,3.371080050205592,24.11910583679884,49.53174861683116
20241030_AMmilled12-1_15,unknown,2025-07-24 15:03:08,0,497.591669,425.982103,127.078884,0.0916481028608841,5.048266149606087,21.79312952077425,21.870765575892417
20241030_AMmilled12-1_15,unknown,2025-07-24 15:03:08,0,497.557812,425.980673,127.164037,0.0916481028608841,5.073509946432064,21.760910117737865,21.82187649784126
20241030_AMmilled12-1_15,unknown,2025-07-24 15:03:08,0,482.516218,451.897059,116.54049,0.4175742950158669,3.5764254717656776,23.933501813117594,49.25863824577728
20231026_HippAu_26,unknown,2025-07-24 15:44:02,0,396.786208,711.557858,217.39264,9.473365855308746,3.012317628251896,22.656090236039763,151.60689319436716
20231026_HippAu_26,unknown,2025-07-24 15:44:02,0,461.635347,501.55514,108.704991,8.267708222512622,6.260201261599686,24.985205658484887,35.12635216323674
20231026_HippAu_26,unknown,2025-07-24 15:44:02,0,345.617427,754.752825,230.816025,9.45507323326033,13.694252876445963,21.736692259858387,216.8244539741937
20231026_HippAu_26,unknown,2025-07-24 15:44:02,0,443.376922,302.349519,99.869497,9.852627380452546,5.794432702010294,20.64912306614962,82.52799909657227
20231026_HippAu_26,unknown,2025-07-24 15:44:02,0,457.548044,217.489895,143.192559,6.540586531123588,13.644203779770374,20.622491447616262,58.50178944380821
20231026_HippAu_26,unknown,2025-07-24 15:44:02,0,493.47056,629.907734,211.651157,8.48130521716731,9.505122549386671,16.150631007493544,40.61228100716546
20231026_HippAu_26,unknown,2025-07-24 15:44:02,0,495.528401,548.6277,201.056384,8.7490077405943,4.562714434424305,20.806078976229195,16.57663029093931
20231026_HippAu_26,unknown,2025-07-24 15:44:02,0,458.516867,345.184825,133.026731,7.003554714459793,6.2211198650405874,20.551336164667923,45.79097908059126
20231026_HippAu_26,unknown,2025-07-24 15:44:02,0,495.822618,635.355122,224.976767,8.680010595492204,7.0404276885385455,18.89071896651457,38.77824129532951
20231026_HippAu_26,unknown,2025-07-24 15:44:02,0,484.734617,618.720664,200.927967,7.993758076102161,4.7205003382891775,19.55573621574884,43.15645804818517
20231026_HippAu_26,unknown,2025-07-24 15:44:02,0,485.662363,633.045284,210.592678,8.48130521716731,4.942395804085537,20.641964740374966,44.840552698032766
20231026_HippAu_26,unknown,2025-07-24 15:44:02,0,488.452397,463.134222,171.646755,10.010772311701077,8.085532980066427,19.81902152587726,14.261170199778944
20231026_HippAu_26,unknown,2025-07-24 15:44:02,0,439.90997,686.158822,208.815164,10.521570716508238,7.60675583036949,17.952680033492246,107.7920951857211
20231026_HippAu_26,unknown,2025-07-24 15:44:02,0,461.433561,320.481347,128.603072,7.778958554330142,10.40431346979469,15.19606670390336,68.180567236721
20231026_HippAu_26,unknown,2025-07-24 15:44:02,0,464.489871,395.424838,141.424117,6.754498373053431,5.473551050339571,20.339314888468667,24.66805254747342
20231026_HippAu_26,unknown,2025-07-24 15:44:02,0,447.648099,220.142176,132.828075,10.17441234400122,5.964874843920885,22.135540521425096,63.29127889061214
20231026_HippAu_26,unknown,2025-07-24 15:44:02,0,403.61876,717.770465,229.869856,5.947715450439135,7.186940560710768,18.684024012392488,150.9083460483305
20231026_HippAu_26,unknown,2025-07-24 15:44:02,0,497.595578,640.476065,231.757264,8.575563280893482,7.755008186655375,18.17523770665795,42.257001826682206
20231026_HippAu_26,unknown,2025-07-24 15:44:02,0,461.579466,176.324923,160.205183,10.276600332501443,29.92130285697653,22.052815398798487,92.32993458942448
20231026_HippAu_26,unknown,2025-07-24 15:44:02,0,427.69867,683.029396,190.159865,7.998258705263889,6.466066626639102,18.939211776856016,118.38448138854196
20231026_HippAu_26,unknown,2025-07-24 15:44:02,0,410.152585,708.305488,218.908948,9.495733789650693,5.859977884039147,19.6982284199918,140.46430523361263
20231026_HippAu_26,unknown,2025-07-24 15:44:02,0,453.243668,206.764264,135.212369,14.044580646414357,14.262549103203112,16.928135021528202,71.9857164514841
20231026_HippAu_26,unknown,2025-07-24 15:44:02,0,394.357444,734.127831,236.72814,20.009284243432365,16.05718843314451,11.944143962903537,169.3435299934336
20231026_HippAu_26,unknown,2025-07-24 15:44:02,0,468.718654,356.341441,160.30984,20.061474084021125,8.377308427148426,15.233637854363218,27.64055752197045
20231026_HippAu_26,unknown,2025-07-24 15:44:02,0,455.71785,300.454193,129.224912,8.870035767245628,5.364424078150287,19.946528958668797,54.96446948400676
20231026_HippAu_26,unknown,2025-07-24 15:44:02,0,481.557193,476.498716,157.443338,10.767767662125898,3.906389744162918,20.916789164001056,21.12743218330877
20231026_HippAu_26,unknown,2025-07-24 15:44:02,0,273.64542,773.597773,161.92183,8.874074083976593,6.207219751045453,20.535600828904524,275.5821312584092
20231026_HippAu_26,unknown,2025-07-24 15:44:02,0,471.745438,650.431554,199.165178,10.24135490520953,7.938909679446943,18.36332625422751,68.8002812905566
20231026_HippAu_26,unknown,2025-07-24 15:44:02,0,539.730272,609.101252,291.148601,36.53547986641114,27.16879607873208,15.824967537449387,70.07960759764873
20231026_HippAu_26,unknown,2025-07-24 15:44:02,0,501.241755,541.522307,201.540056,9.130331988342489,9.48445418198796,14.81295575644083,17.879262833375307
20231026_HippAu_26,unknown,2025-07-24 15:44:02,0,453.147303,280.557368,117.633781,8.173824418269627,6.081604743824996,18.510316793823232,57.33296101101541
20231026_HippAu_26,unknown,2025-07-24 15:44:02,0,330.341657,762.38351,218.979311,10.692455190273025,11.119981796506098,19.8326988960764,233.6163264737357
20231026_HippAu_26,unknown,2025-07-24 15:44:02,0,479.376389,621.858791,195.893911,7.993758076102161,3.8242797369386055,20.457362906878554,50.4001256794356
20231026_HippAu_26,unknown,2025-07-24 15:44:02,0,494.279908,567.150373,173.521592,18.036192993004157,15.334223802394575,9.721717510722266,41.2279167696623
20231026_HippAu_26,unknown,2025-07-24 15:44:02,0,408.73954,663.855342,147.087939,7.783787509696027,4.122098119378484,19.711203499679343,107.87826524592832
20231026_HippAu_26,unknown,2025-07-24 15:44:02,0,441.422987,691.303457,223.046818,9.171136611027563,6.533390157086944,18.32540635165681,108.47349139455947
20231026_HippAu_26,unknown,2025-07-24 15:44:02,0,454.318885,513.648241,103.572365,7.870223848564784,4.953902693217019,27.660254893758555,47.15840541636369
20231026_HippAu_26,unknown,2025-07-24 15:44:02,0,461.857032,252.080208,138.187879,8.697239982338601,9.508283830158234,16.06237117395611,38.55504555486404
20231026_HippAu_26,unknown,2025-07-24 15:44:02,0,445.996312,271.122799,109.243509,5.319854460592046,3.939872759878387,21.115373671436974,65.27381494501647
20231026_HippAu_26,unknown,2025-07-24 15:44:02,0,454.894626,279.666641,126.005545,6.297869797004888,4.361304626229102,19.170267544883743,48.8750270844928
20231026_HippAu_26,unknown,2025-07-24 15:44:02,0,416.351043,696.953499,199.362971,9.18689884837682,7.7397081512113,19.151568297376443,132.10145967347876
20231026_HippAu_26,unknown,2025-07-24 15:44:02,0,432.642036,669.853343,181.53307,9.138127739770376,3.5823601980593547,21.61385759711164,110.47444849254148
20231026_HippAu_26,unknown,2025-07-24 15:44:02,0,434.096101,681.818283,201.195315,10.521570716508238,4.222344590015087,20.85742600506501,109.80832387228487
20231026_HippAu_26,unknown,2025-07-24 15:44:02,0,493.993904,665.395199,267.799708,8.542180473691303,8.477178218540772,21.6209586126754,73.36110938379777
20231026_HippAu_26,unknown,2025-07-24 15:44:02,0,452.574418,288.002642,120.958101,8.173824418269627,4.63077559032746,20.704879019416094,56.40746211867221
20231026_HippAu_26,unknown,2025-07-24 15:44:02,0,489.149734,473.378844,170.313972,8.700904265728122,8.218710694533405,17.890929655148284,18.535899218899463
20231026_HippAu_26,unknown,2025-07-24 15:44:02,0,442.90764,594.411651,118.710304,7.696707049087721,5.316147627604469,24.75590438044896,42.150716441067495
20231026_HippAu_26,unknown,2025-07-24 15:44:02,0,464.862146,514.224598,125.093634,9.383448485283008,8.360791311342458,19.999159078572585,27.381884139696325
20231026_HippAu_26,unknown,2025-07-24 15:44:02,0,494.824678,577.127232,201.126851,7.854635243010363,5.3212067642489975,19.16607581391872,41.871499572998886
20231026_HippAu_26,unknown,2025-07-24 15:44:02,0,448.345178,261.16772,111.917615,7.3361821235583555,6.2565873017004,18.61229142564279,62.479559660936765
20231026_HippAu_26,unknown,2025-07-24 15:44:02,0,448.771223,597.55115,130.623768,9.565710902231666,4.605588974174452,21.60891300401694,36.20769544695628
20231026_HippAu_26,unknown,2025-07-24 15:44:02,0,456.958483,224.000108,142.971614,6.540586531123588,11.591238415140609,21.76099530443753,53.16046598744976
20231026_HippAu_26,unknown,2025-07-24 15:44:02,0,451.619759,267.446678,116.072112,7.047424391246297,6.270119096205484,17.716269340631722,57.57591744010823
20231026_HippAu_26,unknown,2025-07-24 15:44:02,0,464.413719,594.449087,153.223105,5.521409833628961,6.047936877260415,20.75632942956172,30.421141581130765
20231026_HippAu_26,unknown,2025-07-24 15:44:02,0,498.427931,664.368679,275.028436,8.542180473691303,10.83595789200088,23.597500800024232,75.75850223280251
20231026_HippAu_26,unknown,2025-07-24 15:44:02,0,491.600728,464.137086,190.690215,5.010297049586223,7.294562596345595,19.092054568644286,26.01006353242755
20231026_HippAu_26,unknown,2025-07-24 15:44:02,0,443.634253,257.884589,106.990684,7.566135909270103,4.823304098460535,20.470439669669723,68.56615175428352
20231026_HippAu_26,unknown,2025-07-24 15:44:02,0,443.700688,385.471344,81.348871,49.506365713402815,6.650185234380223,24.526967039815915,70.06458402734131
20231026_HippAu_26,unknown,2025-07-24 15:44:02,0,470.088115,488.069992,118.090931,9.646020952194442,7.432049474944391,18.43025946361762,26.29092043056984
20231026_HippAu_26,unknown,2025-07-24 15:44:02,0,422.822567,662.501828,148.807058,10.959756839957526,9.17456478155884,13.52723817060013,101.408596622186
20231026_HippAu_26,unknown,2025-07-24 15:44:02,0,489.263775,551.309755,186.608561,5.743262041221077,4.544444673690343,20.81499037195001,20.08212509017389
20231026_HippAu_26,unknown,2025-07-24 15:44:02,0,458.157719,284.766103,133.56775,9.687065245889348,4.835696153867201,18.57403536440122,43.22513992484054
20231026_HippAu_26,unknown,2025-07-24 15:44:02,0,488.414624,651.030236,229.837052,6.826508900640645,5.553226467841276,19.71100764770036,53.47537060518796
20231026_HippAu_26,unknown,2025-07-24 15:44:02,0,265.54252,777.215097,162.006503,8.874074083976593,4.000379382015746,21.18528312091082,283.6528375004413
20231026_HippAu_26,unknown,2025-07-24 15:44:02,0,405.910648,713.982665,225.898063,5.947715450439135,6.128348818968971,19.16232249291604,146.77601813049242
20231026_HippAu_26,unknown,2025-07-24 15:44:02,0,443.842199,215.098318,124.853535,10.17441234400122,5.601568656159765,19.127231249929476,72.89888892162135
20231026_HippAu_26,unknown,2025-07-24 15:44:02,0,437.23268,663.591764,176.713942,9.138127739770376,3.8723267667132895,21.471872024900343,103.07518783547762
20231026_HippAu_26,unknown,2025-07-24 15:44:02,0,454.226228,251.249925,128.656127,8.376290787929042,5.887419606324128,18.83331691950056,47.70323374611609
20231026_HippAu_26,unknown,2025-07-24 15:44:02,0,454.250398,590.165293,133.256368,9.287982786344797,5.700598480281468,20.00716289125181,28.02850202361461
20231026_HippAu_26,unknown,2025-07-24 15:44:02,0,449.831685,261.339022,119.099573,7.047424391246297,4.408688829792497,19.83463754333124,55.17859419594396
20231026_HippAu_26,unknown,2025-07-24 15:44:02,0,457.617816,308.986147,130.7327,8.870035767245628,6.290900738336791,18.9936403990426,59.303453348870775
20231026_HippAu_26,unknown,2025-07-24 15:44:02,0,456.327619,594.784929,141.041658,7.700943297468438,5.343423840207979,21.651492207707484,29.42914451596732
20231026_HippAu_26,unknown,2025-07-24 15:44:02,0,410.8736,667.559188,153.592911,7.783787509696027,4.381643827089813,19.28835804113784,110.53198941383444
20231026_HippAu_26,unknown,2025-07-24 15:44:02,0,466.267582,496.892554,118.87301,9.646020952194442,5.568852360854482,20.853231493716752,32.11126897482131
20231026_HippAu_26,unknown,2025-07-24 15:44:02,0,461.320493,382.01638,135.687324,8.23233675865422,7.111766425965798,20.16755669684583,31.110098822216536
20231026_HippAu_26,unknown,2025-07-24 15:44:02,0,449.609066,274.96535,108.548051,5.319854460592046,7.070268865020431,18.03909740534233,65.69745190045775
20231026_HippAu_26,unknown,2025-07-24 15:44:02,0,415.819086,712.235621,235.530581,8.582121299094913,6.728169794997407,18.72841786809738,139.02385267426197
20231026_HippAu_26,unknown,2025-07-24 15:44:02,0,460.747564,511.351992,117.164734,6.472808941895989,4.822265528470394,22.91060356728924,35.15335251224716
20231026_HippAu_26,unknown,2025-07-24 15:44:02,0,489.489138,556.960336,187.61116,5.743262041221077,4.649589636908181,21.523210468024736,24.049752472844173
20231026_HippAu_26,unknown,2025-07-24 15:44:02,0,337.045229,754.057848,219.251474,6.117494697282031,9.38645048359816,21.92420555397616,223.0113731705293
20231026_HippAu_26,unknown,2025-07-24 15:44:02,0,460.871969,354.062601,141.987745,8.429089108910008,5.2943829815983126,20.92883217625431,33.973935429383104
20231026_HippAu_26,unknown,2025-07-24 15:44:02,0,438.596604,251.546402,100.214179,7.255888074273192,4.34754586302464,20.836517307344995,77.34417934123573
20231026_HippAu_26,unknown,2025-07-24 15:44:02,0,422.425431,697.927419,213.994763,6.729557980306393,5.702308207251654,21.42164128488132,125.74933185308784
20231026_HippAu_26,unknown,2025-07-24 15:44:02,0,463.145413,389.105689,139.453321,6.754498373053431,6.6662609019850745,20.67145306869239,30.306427794665964
20231026_HippAu_26,unknown,2025-07-24 15:44:02,0,440.410246,271.623124,97.235587,8.442029314129222,4.76378285736616,21.496045537861004,78.19257380117284
20231026_HippAu_26,unknown,2025-07-24 15:44:02,0,461.529595,587.448291,141.471302,7.533709066115773,7.727874210063273,19.22018594184144,23.24332505146214
20231026_HippAu_26,unknown,2025-07-24 15:44:02,0,469.230997,642.586551,193.080865,6.872976588514866,5.571394966867272,20.2281781905121,67.92047891137535
20231026_HippAu_26,unknown,2025-07-24 15:44:02,0,351.62889,94.567554,104.931416,9.010705647364862,22.255985287133456,19.86258829275313,214.4703648852975
20231026_HippAu_26,unknown,2025-07-24 15:44:02,0,443.470692,579.280359,110.560567,16.06403879794479,5.720875286364951,26.60046471604201,40.97485049319437
20231026_HippAu_26,unknown,2025-07-24 15:44:02,0,343.049577,754.201426,214.209627,7.818351769090519,14.42231721223741,15.520682503481677,219.35258515290573
20231026_HippAu_26,unknown,2025-07-24 15:44:02,0,278.828543,779.296066,180.221859,6.458795253272728,5.73451967988093,18.708473165196025,278.1114362259095
20231026_HippAu_26,unknown,2025-07-24 15:44:02,0,282.098675,766.801694,159.801869,11.051626328771103,7.403567223864568,18.952736861396623,264.8207495702655
20231026_HippAu_26,unknown,2025-07-24 15:44:02,0,495.465629,569.682119,198.707188,7.854635243010363,5.922076676887788,19.281427629455933,34.89596692750945
20231026_HippAu_26,unknown,2025-07-24 15:44:02,0,454.962265,318.12777,124.984343,7.778958554330142,6.332161687781485,19.210660898883084,69.9165524590104
20231026_HippAu_26,unknown,2025-07-24 15:44:02,0,259.598383,770.853203,144.335615,6.154317977290424,4.312263380311932,25.64437912323215,282.676415545108
20231026_HippAu_26,unknown,2025-07-24 15:44:02,0,395.85362,717.397303,224.793709,9.284606478653435,4.672765856367381,21.019644661613693,155.82456585845432
20231026_HippAu_26,unknown,2025-07-24 15:44:02,0,429.585935,205.180844,83.694009,44.67330225451268,11.358580617687243,6.002361716018187,112.90838696869352
20231026_HippAu_26,unknown,2025-07-24 15:44:02,0,408.065794,715.479096,237.268148,8.582121299094913,5.58538049207741,20.78061190784775,146.1982434562155
20231026_HippAu_26,unknown,2025-07-24 15:44:02,0,459.763676,646.756954,186.662377,8.380715304495217,3.783986632844258,22.07978786224237,78.76046607586127
20231026_HippAu_26,unknown,2025-07-24 15:44:02,0,495.447756,650.925994,231.90654,7.332025143582935,10.09278824307903,15.020179437903684,52.58437995494719
20231026_HippAu_26,unknown,2025-07-24 15:44:02,0,454.173222,521.507549,103.184443,6.531491443546881,6.860283832848234,25.27153068596379,50.20177313431338
20231026_HippAu_26,unknown,2025-07-24 15:44:02,0,443.864594,690.114872,231.806702,9.171136611027563,3.4966346325969897,20.53585051816705,105.41270748261594
20231026_HippAu_26,unknown,2025-07-24 15:44:02,0,421.284577,682.040951,180.890613,8.636090645340099,6.319062129621126,18.43493114918648,124.99922399433828
20231026_HippAu_26,unknown,2025-07-24 15:44:02,0,417.916919,671.161632,153.396032,7.913577361063623,10.448195900877488,12.917127313053996,111.32249074787532
20231026_HippAu_26,unknown,2025-07-24 15:44:02,0,317.096368,722.214407,143.430564,8.310167857806587,5.073663163409652,22.65954074928238,207.9823127312043
20231026_HippAu_26,unknown,2025-07-24 15:44:02,0,270.733966,778.079718,169.538554,9.18860562387774,4.593359194800851,20.56282196320643,281.3542358479775
20231026_HippAu_26,unknown,2025-07-24 15:44:02,0,443.426571,601.218507,122.611702,7.862791129230226,6.121613691812913,21.661216275344387,44.54027554988244
20231026_HippAu_26,unknown,2025-07-24 15:44:02,0,459.024009,389.340355,128.264826,10.677449373463888,4.46267916584159,20.296425031292625,32.540067181021776
20231026_HippAu_26,unknown,2025-07-24 15:44:02,0,459.040527,562.528233,132.510424,8.314478262990933,4.757463127469029,21.888300422142173,16.324822601843138
20231026_HippAu_26,unknown,2025-07-24 15:44:02,0,455.19739,273.409652,125.356248,6.297869797004888,4.982355412516255,18.0968306058563,48.3486802483153
20231026_HippAu_26,unknown,2025-07-24 15:44:02,0,333.42283,753.384623,211.106766,8.93931064574279,8.504421628314244,20.00924484874485,225.94744681994015
20231026_HippAu_26,unknown,2025-07-24 15:44:02,0,277.682351,751.737464,134.302641,9.889324586120022,7.900641759085312,26.027257196199734,256.6950924007824
20231026_HippAu_26,unknown,2025-07-24 15:44:02,0,487.96485,452.564222,167.893374,11.22722009263073,8.650121063842327,17.83592466099671,17.312057086220573
20231026_HippAu_26,unknown,2025-07-24 15:44:02,0,523.364106,581.280748,274.031082,36.53547986641114,7.337021695583388,20.038548093784375,48.90628266665968
20231026_HippAu_26,unknown,2025-07-24 15:44:02,0,450.554823,548.321187,108.768903,9.67425648942498,6.207316768554796,24.474197953347023,43.08887421665766
20231026_HippAu_26,unknown,2025-07-24 15:44:02,0,422.893202,687.810858,196.323463,9.162141772646423,5.222571622681145,21.079203375786445,122.38799402712029
20231026_HippAu_26,unknown,2025-07-24 15:44:02,0,342.415481,755.238575,221.932895,6.117494697282031,13.147040837408454,19.30350927422284,219.8507282042401
20231026_HippAu_26,unknown,2025-07-24 15:44:02,0,461.337122,184.961051,154.640376,10.276600332501443,26.47932342004779,20.069088930250427,84.8322811489428
20231026_HippAu_26,unknown,2025-07-24 15:44:02,0,422.213878,128.86904,172.199164,9.57595202436536,25.386107404141253,24.88770806388457,143.39845388470482
20231026_HippAu_26,unknown,2025-07-24 15:44:02,0,322.179574,715.980814,141.34197,8.310167857806587,4.980582637593688,25.51333259536704,200.00305444911183
20231026_HippAu_26,unknown,2025-07-24 15:44:02,0,468.490209,636.9356,189.239538,6.042856903535363,4.537287936788673,21.00543835069544,67.41010544822082
20231026_HippAu_26,unknown,2025-07-24 15:44:02,0,420.909178,256.844877,68.496948,30.759192719072367,4.350312876960258,26.5059867614004,111.74512326179864
20231026_HippAu_26,unknown,2025-07-24 15:44:02,0,447.684581,308.325018,106.412566,9.852627380452546,7.087119244653049,18.90118708908974,78.95543808106085
20231026_HippAu_26,unknown,2025-07-24 15:44:02,0,455.694176,567.897741,127.115902,8.314478262990933,5.303078645219798,21.624711061895,20.75900648077769
20231026_HippAu_26,unknown,2025-07-24 15:44:02,0,493.832676,470.629488,208.95002,5.936960958663351,4.575104590103747,19.14537633812577,43.12860519669036
20231026_HippAu_26,unknown,2025-07-24 15:44:02,0,451.959383,243.188089,128.830659,6.053932464089514,5.382141833098837,20.48950353913898,51.11793441853707
20231026_HippAu_26,unknown,2025-07-24 15:44:02,0,442.268103,616.96646,130.085463,8.630387686290907,8.146751110598693,16.994837753597125,55.1537501263851
20231026_HippAu_26,unknown,2025-07-24 15:44:02,0,467.696523,609.308509,168.276042,9.164484299058502,4.415083573678228,20.08315715582088,49.51997405981718
20231026_HippAu_26,unknown,2025-07-24 15:44:02,0,436.667906,248.969332,93.711353,7.255888074273192,6.041912205794628,18.86715966266913,84.52038177716338
20231026_HippAu_26,unknown,2025-07-24 15:44:02,0,414.55518,701.560206,207.105854,7.415052039188254,7.207318284135389,19.672805276584324,134.67421051566646
20231026_HippAu_26,unknown,2025-07-24 15:44:02,0,457.020889,259.160004,136.728361,8.697239982338601,4.195916999366795,19.94372418937271,37.53436167545281
20231026_HippAu_26,unknown,2025-07-24 15:44:02,0,271.187432,765.806335,149.695352,8.860725187428535,4.710419713359968,24.17201946182069,271.0592459073038
20231026_HippAu_26,unknown,2025-07-24 15:44:02,0,472.066716,609.372905,176.331167,9.164484299058502,3.6543685364761176,20.326229838931518,54.65299748467199
20231026_HippAu_26,unknown,2025-07-24 15:44:02,0,360.894502,92.938242,115.458212,5.289120691684472,25.01399913706971,16.660513821016426,208.1986138514739
20231026_HippAu_26,unknown,2025-07-24 15:44:02,0,437.349957,264.670438,93.552837,8.442029314129222,4.425673338014926,21.09982979694847,82.45858447645436
20231026_HippAu_26,unknown,2025-07-24 15:44:02,0,357.407706,94.6,111.844957,5.289120691684472,22.92599290773532,18.29444181998073,209.50059715085948
20231026_HippAu_26,unknown,2025-07-24 15:44:02,0,418.263553,133.725261,164.952723,9.57595202436536,19.63150446124712,21.58606682390172,140.0243866555086
20231026_HippAu_26,unknown,2025-07-24 15:44:02,0,458.966079,339.029053,136.336483,7.003554714459793,5.1955338222340455,21.494803742289378,48.356832929980186
20231026_HippAu_26,unknown,2025-07-24 15:44:02,0,446.646841,557.167564,109.01493,9.67425648942498,5.215783463935491,27.49993137186897,40.572627869685085
20231026_HippAu_26,unknown,2025-07-24 15:44:02,0,276.970996,758.933211,141.049043,9.889324586120022,8.44147084751819,22.036055466907158,262.1647224702862
20231026_HippAu_26,unknown,2025-07-24 15:44:02,0,264.415523,771.304695,148.139159,6.154317977290424,5.206969934200711,23.469137811664783,279.6859596076838
20231026_HippAu_26,unknown,2025-07-24 15:44:02,0,279.800838,774.830529,175.657907,6.458795253272728,5.214226071979715,20.580897189295538,273.5809349853183
20231026_HippAu_26,unknown,2025-07-24 15:44:02,0,463.172314,505.507157,115.802476,6.472808941895989,6.002348437881184,22.50873329130895,37.37302114618614
20231026_HippAu_26,unknown,2025-07-24 15:44:02,0,492.770203,470.47408,203.11097,1.8365664717371368,5.165748980088161,20.18099915547618,37.5877166611932
20231026_HippAu_26,unknown,2025-07-24 15:44:02,0,461.441465,345.932878,139.835346,7.447824848278705,6.094173288996591,20.673223203817827,41.39329900104197
20231026_HippAu_26,unknown,2025-07-24 15:44:02,0,411.305692,708.326951,228.334384,8.187139954023827,3.294168025436493,21.852224748972787,138.84457449487266
20231026_HippAu_26,unknown,2025-07-24 15:44:02,0,492.744445,470.468384,201.274593,1.8365664717371368,5.537881333459078,20.208177985696608,36.03856309806892
20231026_HippAu_26,unknown,2025-07-24 15:44:02,0,426.954382,676.975292,184.986278,7.998258705263889,3.875120516942961,21.224882685428767,116.82409845004912
20231026_HippAu_26,unknown,2025-07-24 15:44:02,0,459.476701,591.688465,147.35036,7.193617349957702,4.329938578585311,23.01005572892717,25.97187283627609
20231026_HippAu_26,unknown,2025-07-24 15:44:02,0,456.379231,269.611034,132.103019,7.832315480472285,3.8963399383926833,19.14919460037707,41.25094961673204
20231026_HippAu_26,unknown,2025-07-24 15:44:02,0,447.244049,589.320091,122.519618,7.696707049087721,4.734720722643354,21.7669708985268,35.01607994197182
20231026_HippAu_26,unknown,2025-07-24 15:44:02,0,451.593462,523.330334,97.348834,1.349256175844283,9.37103058099586,28.653172464214176,56.59109238787629
20231026_HippAu_26,unknown,2025-07-24 15:44:02,0,451.605193,521.989547,97.198352,1.349256175844283,9.523721448055223,29.051950925150923,56.5207453329288
20231026_HippAu_26,unknown,2025-07-24 15:44:02,0,490.871302,644.777757,228.623601,6.826508900640645,5.178101879492799,20.482197629458177,47.2496698610859
20231026_HippAu_26,unknown,2025-07-24 15:44:02,0,487.715865,639.901789,220.231184,10.206101591689228,4.387882522707082,21.96086388933469,45.4620050308828
20231026_HippAu_26,unknown,2025-07-24 15:44:02,0,488.86508,459.945704,190.463007,5.010297049586223,5.0442823762419,20.37427540745206,24.15979289262904
20231026_HippAu_26,unknown,2025-07-24 15:44:02,0,491.919118,294.179892,230.604895,6.8803889692361535,12.569325806071944,17.581199144743238,27.933643937403147
20231026_HippAu_26,unknown,2025-07-24 15:44:02,0,494.391532,544.671147,193.336387,8.7490077405943,6.483651597104665,18.571446812244268,14.317458648433298
20231026_HippAu_26,unknown,2025-07-24 15:44:02,0,453.841327,263.589037,126.890314,8.359288127481308,4.446036778630152,19.196072220815545,46.761641564636896
20231026_HippAu_26,unknown,2025-07-24 15:44:02,0,417.320227,702.311636,213.944923,6.729557980306393,6.57982055757428,20.190727500479984,132.21856383592296
20231026_HippAu_26,unknown,2025-07-24 15:44:02,0,453.629506,234.124213,133.853235,9.80872018703756,7.704966908346254,20.57658233109302,51.95767962344009
20231026_HippAu_26,unknown,2025-07-24 15:44:02,0,439.942955,608.882473,128.155066,8.630387686290907,4.181586349024011,22.250095723090247,49.20266778270763
20231026_HippAu_26,unknown,2025-07-24 15:44:02,0,465.908977,641.133366,185.742093,6.042856903535363,6.023202214727851,19.288760516944997,73.35586005768629
20231026_HippAu_26,unknown,2025-07-24 15:44:02,0,457.022923,243.168035,132.14883,6.053932464089514,8.956159989937698,17.68166223445614,47.87714382574042
20231026_HippAu_26,unknown,2025-07-24 15:44:02,0,484.486831,468.902028,164.489782,8.700904265728122,5.012912848678266,21.807069917006675,13.969266909200377
20231026_HippAu_26,unknown,2025-07-24 15:44:02,0,266.823974,764.16109,142.09781,8.914552219239788,5.1292674993908784,28.41923777520565,272.885991597498
20231026_HippAu_26,unknown,2025-07-24 15:44:02,0,461.219666,597.96319,150.406179,5.521409833628961,5.681138440832339,21.351611559200503,32.57059359455063
20231026_HippAu_26,unknown,2025-07-24 15:44:02,0,494.051575,287.656915,230.111792,6.8803889692361535,16.058469287775186,19.72219951299247,33.93362322985651
20231017_EGmilled24-2_68,unknown,2025-07-24 15:44:08,0,496.706331,579.311503,151.862364,10.536678783647261,21.766723903191618,20.891255198662016,111.59316684591958
20231017_EGmilled24-2_68,unknown,2025-07-24 15:44:08,0,489.257774,572.718931,148.386937,10.536678783647261,25.786531574083526,20.16148083606383,103.11241414645042
20231017_EGmilled24-2_68,unknown,2025-07-24 15:44:08,0,463.160104,545.261204,208.787529,0.0,14.464318344083475,21.941311341939773,73.65298604386757
20231017_EGmilled24-2_68,unknown,2025-07-24 15:44:08,0,466.545239,555.475133,192.084448,7.802884536924417,13.442379150018736,21.06618166840954,77.43950948461465
20231017_EGmilled24-2_68,unknown,2025-07-24 15:44:08,0,470.603464,560.59783,199.319932,9.750048380325602,7.301288375956717,21.33107343013864,85.45685403534745
20231017_EGmilled24-2_68,unknown,2025-07-24 15:44:08,0,485.067884,540.378717,247.687702,0.0,14.86823622363214,18.697732942664334,103.16839771416196
20231017_EGmilled24-2_68,unknown,2025-07-24 15:44:08,0,482.07724,526.196872,252.203766,0.0,12.88075076884745,22.266222664455196,98.57713990526784
20231017_EGmilled24-2_68,unknown,2025-07-24 15:44:08,0,465.34937,553.571511,184.612425,0.0,17.711326303580318,20.50986357202964,73.74911217369757
20231017_EGmilled24-2_68,unknown,2025-07-24 15:44:08,0,497.353543,544.268985,259.98128,6.624890610362322,16.689649257812768,20.131297959897523,119.68536151154304
20231017_EGmilled24-2_68,unknown,2025-07-24 15:44:08,0,465.542989,555.707769,179.470398,0.0,17.846806486644144,21.439139831640716,75.16692123294952
20231017_EGmilled24-2_68,unknown,2025-07-24 15:44:08,0,462.843503,548.72732,190.60385,0.0,18.733974381420627,20.540956009632115,69.71116676661599
20231017_EGmilled24-2_68,unknown,2025-07-24 15:44:08,0,467.489202,550.236737,198.415107,0.0,15.422147325665623,18.238855756025348,74.9775092227897
20231017_EGmilled24-2_68,unknown,2025-07-24 15:44:08,0,492.228613,547.012274,253.929728,6.958813721040202,10.851831910004657,20.011423502873573,114.38024428477034
20231017_EGmilled24-2_68,unknown,2025-07-24 15:44:08,0,457.538485,526.864287,208.710899,0.0,9.391658293958994,21.256489213987756,57.64270632706292
20231017_EGmilled24-2_68,unknown,2025-07-24 15:44:08,0,497.59844,550.187002,257.013743,6.624890610362322,11.107185293911174,20.169402129086283,120.74302151857604
20231017_EGmilled24-2_68,unknown,2025-07-24 15:44:08,0,489.615609,525.708885,257.407711,0.0,17.742927686637536,19.777718452216185,105.89035010297927
20231017_EGmilled24-2_68,unknown,2025-07-24 15:44:08,1,446.025862,430.240004,138.507893,6.99956426414286,8.460559960691997,23.550490358487338,64.88492223882355
20231017_EGmilled24-2_68,unknown,2025-07-24 15:44:08,1,450.880332,418.6475,142.057543,6.746356645860826,11.501476794622,20.9577870277753,73.9010105398802
20231017_EGmilled24-2_68,unknown,2025-07-24 15:44:08,1,474.655308,497.16971,240.276126,5.698517157477904,5.15743628211777,21.422672808460977,76.557914956149
20231017_EGmilled24-2_68,unknown,2025-07-24 15:44:08,1,452.410227,514.990665,142.661809,5.775905408091551,8.8945656409055,21.218763822290153,44.00772824485735
20231017_EGmilled24-2_68,unknown,2025-07-24 15:44:08,1,463.160104,545.261204,208.787529,0.0,14.464318344083475,21.941311341939773,73.65298604386757
20231017_EGmilled24-2_68,unknown,2025-07-24 15:44:08,1,461.810018,518.407543,217.297072,6.2115437748295825,7.675169487997909,19.65482152098168,59.509781324132696
20231017_EGmilled24-2_68,unknown,2025-07-24 15:44:08,1,482.874071,485.132128,246.272806,9.518785374986702,6.914500905673108,18.110927944692016,84.77844011405897
20231017_EGmilled24-2_68,unknown,2025-07-24 15:44:08,1,452.169008,410.796117,158.188538,8.789413195865288,7.411932260797422,21.38410834531884,76.5801414819548
20231017_EGmilled24-2_68,unknown,2025-07-24 15:44:08,1,466.80292,449.438843,219.221913,6.849637740127439,5.38045389379378,21.2749768585979,64.14291290881864
20231017_EGmilled24-2_68,unknown,2025-07-24 15:44:08,1,451.227482,502.500553,123.438161,6.888670156785613,18.628361344621865,21.49354187767564,53.345397286349076
20231017_EGmilled24-2_68,unknown,2025-07-24 15:44:08,1,452.485309,509.329154,141.520433,5.775905408091551,10.174017088701149,20.106885531704034,41.25496298266717
20231017_EGmilled24-2_68,unknown,2025-07-24 15:44:08,1,456.576137,389.195806,169.826304,8.396238858806068,9.99272239088188,22.621071868560716,97.25345543223831
20231017_EGmilled24-2_68,unknown,2025-07-24 15:44:08,1,472.884775,518.959636,238.23587,6.79894512161433,9.49541841170168,22.04565176018229,80.45818218411877
20231017_EGmilled24-2_68,unknown,2025-07-24 15:44:08,1,443.112349,431.57799,131.819853,7.41678121417675,10.19988783441204,25.577651759397277,67.41687309674145
20231017_EGmilled24-2_68,unknown,2025-07-24 15:44:08,1,470.868131,466.735106,224.119224,6.637683486146262,8.516969948360089,18.501056306979198,62.35568558013034
20231017_EGmilled24-2_68,unknown,2025-07-24 15:44:08,1,554.127014,358.044711,254.133334,57.9959076133108,20.234168754443118,21.586857739944072,188.78112634708057
20231017_EGmilled24-2_68,unknown,2025-07-24 15:44:08,1,477.011589,521.270943,246.585711,8.393692532745272,8.596831132110655,23.119051413477777,89.89829172473469
20231017_EGmilled24-2_68,unknown,2025-07-24 15:44:08,1,469.770948,487.697824,230.603487,7.721448349135407,5.662808527599343,20.82102633409036,64.81610486751354
20231017_EGmilled24-2_68,unknown,2025-07-24 15:44:08,1,474.690828,487.987138,238.641836,8.357470110937943,5.30469099941848,20.93572400918541,74.21618736074119
20231017_EGmilled24-2_68,unknown,2025-07-24 15:44:08,1,462.493205,536.332864,149.741354,16.905198456549524,18.214021981458558,17.974271884529937,60.25635710029918
20231017_EGmilled24-2_68,unknown,2025-07-24 15:44:08,1,458.007878,400.320709,170.663617,8.543271000672865,10.692711984003072,18.928151260103196,86.55441836967196
20231017_EGmilled24-2_68,unknown,2025-07-24 15:44:08,1,459.005752,456.938651,201.294195,7.494206644942541,5.3074596679144745,19.639200475786026,44.09071951061031
20231017_EGmilled24-2_68,unknown,2025-07-24 15:44:08,1,468.764542,509.192023,231.603525,8.962121483772671,6.903006831132013,20.85527973887646,69.52819340676756
20231017_EGmilled24-2_68,unknown,2025-07-24 15:44:08,1,470.303422,475.617657,231.229891,8.861201840537015,5.078080384820573,21.703836603438734,66.24444877475274
20231017_EGmilled24-2_68,unknown,2025-07-24 15:44:08,1,458.248714,471.038265,202.779788,6.958079601422912,4.899191446286028,19.84151953739484,37.53182885008473
20231017_EGmilled24-2_68,unknown,2025-07-24 15:44:08,1,452.137299,513.847719,131.463155,5.891255314093316,13.174715897647312,22.994127204561668,51.59978806486018
20231017_EGmilled24-2_68,unknown,2025-07-24 15:44:08,1,485.067884,540.378717,247.687702,0.0,14.86823622363214,18.697732942664334,103.16839771416196
20231017_EGmilled24-2_68,unknown,2025-07-24 15:44:08,1,462.590021,455.228733,207.649691,7.494206644942541,6.570039136204233,19.0422466818684,50.89952970954714
20231017_EGmilled24-2_68,unknown,2025-07-24 15:44:08,1,444.506881,466.503462,148.108873,7.095701977130737,5.621857439834971,21.403580916165637,31.102827657309714
20231017_EGmilled24-2_68,unknown,2025-07-24 15:44:08,1,459.316463,514.982165,121.998156,7.7137525338671225,24.013221303306235,18.247536264405277,61.77655991295004
20231017_EGmilled24-2_68,unknown,2025-07-24 15:44:08,1,486.18024,523.326801,255.297461,4.6828665806017495,13.66846624495908,20.863537701521494,101.72312203800054
20231017_EGmilled24-2_68,unknown,2025-07-24 15:44:08,1,482.07724,526.196872,252.203766,0.0,12.88075076884745,22.266222664455196,98.57713990526784
20231017_EGmilled24-2_68,unknown,2025-07-24 15:44:08,1,480.76948,494.588703,246.83438,8.383122037727972,5.673793615775152,20.25843932172544,84.7772875777062
20231017_EGmilled24-2_68,unknown,2025-07-24 15:44:08,1,456.496005,524.59119,139.160597,11.00555076358526,13.187297564785002,21.313384583029332,54.20734423705708
20231017_EGmilled24-2_68,unknown,2025-07-24 15:44:08,1,478.831754,515.826055,239.255559,6.429375689175784,12.294231246478827,17.54898519660202,82.60895188979873
20231017_EGmilled24-2_68,unknown,2025-07-24 15:44:08,1,474.39292,511.66268,241.329187,6.429375689175784,6.655059213789598,22.22629287945296,80.91182036438205
20231017_EGmilled24-2_68,unknown,2025-07-24 15:44:08,1,487.092014,498.066326,253.863315,6.123281120425968,7.242358477542535,18.990856297638555,94.35720932825774
20231017_EGmilled24-2_68,unknown,2025-07-24 15:44:08,1,459.657306,524.232952,217.414192,6.2115437748295825,7.9618959311549915,22.428227438409827,62.35005801355896
20231017_EGmilled24-2_68,unknown,2025-07-24 15:44:08,1,446.839789,449.223703,145.594746,7.3934033949948414,7.51017831892094,19.695416926046892,45.409772529414845
20231017_EGmilled24-2_68,unknown,2025-07-24 15:44:08,1,479.478363,477.747714,241.318326,6.714019413651305,7.164710231584039,18.690888494744602,79.13433795881758
20231017_EGmilled24-2_68,unknown,2025-07-24 15:44:08,1,450.946335,490.383226,137.360189,12.344461507582984,14.146736055215335,17.9299753991155,37.22592213800466
20231017_EGmilled24-2_68,unknown,2025-07-24 15:44:08,1,478.354366,501.090201,242.125401,5.698517157477904,7.428581599395623,19.366595190856117,80.55718147408632
20231017_EGmilled24-2_68,unknown,2025-07-24 15:44:08,1,496.609424,459.250311,259.637611,10.928994960287339,15.943187142140784,16.314950473688242,106.52391215515921
20231017_EGmilled24-2_68,unknown,2025-07-24 15:44:08,1,448.399125,461.407101,145.071353,7.095701977130737,10.025897440924032,17.161768489674902,37.23953497455101
20231017_EGmilled24-2_68,unknown,2025-07-24 15:44:08,1,465.34937,553.571511,184.612425,0.0,17.711326303580318,20.50986357202964,73.74911217369757
20231017_EGmilled24-2_68,unknown,2025-07-24 15:44:08,1,459.675619,477.753737,203.911711,6.958079601422912,6.192289660416211,18.26762436469867,37.23460676515846
20231017_EGmilled24-2_68,unknown,2025-07-24 15:44:08,1,448.82338,478.238482,136.448031,7.236295042202497,14.533094256107306,17.59869918699743,37.82958082684607
20231017_EGmilled24-2_68,unknown,2025-07-24 15:44:08,1,490.354691,484.895928,255.075132,11.55406461097893,7.6526683632128485,17.28627613499411,96.15979826039755
20231017_EGmilled24-2_68,unknown,2025-07-24 15:44:08,1,459.330226,470.567267,194.342177,8.519670575173024,8.476937668110363,15.549753611113731,32.02607715383233
20231017_EGmilled24-2_68,unknown,2025-07-24 15:44:08,1,461.556132,470.152151,211.42434,9.297983175314096,4.988905735041618,20.399591289137856,46.42777607522892
20231017_EGmilled24-2_68,unknown,2025-07-24 15:44:08,1,465.542989,555.707769,179.470398,0.0,17.846806486644144,21.439139831640716,75.16692123294952
20231017_EGmilled24-2_68,unknown,2025-07-24 15:44:08,1,462.843503,548.72732,190.60385,0.0,18.733974381420627,20.540956009632115,69.71116676661599
20231017_EGmilled24-2_68,unknown,2025-07-24 15:44:08,1,467.489202,550.236737,198.415107,0.0,15.422147325665623,18.238855756025348,74.9775092227897
20231017_EGmilled24-2_68,unknown,2025-07-24 15:44:08,1,454.52307,506.163884,118.624339,6.888670156785613,23.45334219309884,20.498464593735818,59.707813237218915
20231017_EGmilled24-2_68,unknown,2025-07-24 15:44:08,1,446.514569,423.596085,140.655777,6.746356645860826,7.957212879922332,24.36951492243188,69.61399080011522
20231017_EGmilled24-2_68,unknown,2025-07-24 15:44:08,1,470.598041,454.490459,208.279271,6.940175425851481,13.923016780753926,12.321082138863797,55.63240898207823
20231017_EGmilled24-2_68,unknown,2025-07-24 15:44:08,1,456.634151,395.203906,163.961477,8.396238858806068,11.835410808048055,20.155064911480476,91.71959330583506
20231017_EGmilled24-2_68,unknown,2025-07-24 15:44:08,1,452.169117,410.720829,140.536292,8.1735723232542,14.404597085135618,20.5203773574793,81.86131094964891
20231017_EGmilled24-2_68,unknown,2025-07-24 15:44:08,1,453.582997,478.487267,151.241565,5.2162302185698275,13.841528720875152,13.476365252616405,25.940102611109793
20231017_EGmilled24-2_68,unknown,2025-07-24 15:44:08,1,497.336931,470.097707,258.520622,10.928994960287339,13.119539840996666,14.420078277448313,103.89114545568039
20231017_EGmilled24-2_68,unknown,2025-07-24 15:44:08,1,452.834586,508.003329,131.210597,5.891255314093316,14.809066038129073,20.691913306610207,48.969460463677514
20231017_EGmilled24-2_68,unknown,2025-07-24 15:44:08,1,444.445522,444.312869,140.61342,7.3934033949948414,7.100031654979844,22.422120082302044,52.05748151681716
20231017_EGmilled24-2_68,unknown,2025-07-24 15:44:08,1,459.510115,519.897179,127.940135,7.7137525338671225,20.52233463442206,18.78119773977148,59.78099938730677
20231017_EGmilled24-2_68,unknown,2025-07-24 15:44:08,1,481.431587,514.739427,249.459209,6.619597750105728,8.0761343120432,20.785629312919014,91.78895204079683
20231017_EGmilled24-2_68,unknown,2025-07-24 15:44:08,1,463.552132,522.01757,228.141215,11.561258302372346,7.278688153442089,24.170603997691124,70.39517858575633
20231017_EGmilled24-2_68,unknown,2025-07-24 15:44:08,1,453.79888,521.674936,152.255693,11.774992405997788,7.966726430396873,19.506138847061163,43.935664047413994
20231017_EGmilled24-2_68,unknown,2025-07-24 15:44:08,1,471.427122,494.696051,233.414656,7.721448349135407,6.202278206181989,20.230452700521415,68.69398939649138
20231017_EGmilled24-2_68,unknown,2025-07-24 15:44:08,1,473.814492,479.683756,238.276885,6.714019413651305,4.661884061866499,21.970405362158463,73.63515830796278
20231017_EGmilled24-2_68,unknown,2025-07-24 15:44:08,1,492.117368,521.576079,262.357449,6.916559100908509,18.00315021503587,20.83287485517307,109.58062827909646
20231017_EGmilled24-2_68,unknown,2025-07-24 15:44:08,1,479.588868,505.251411,246.420497,6.1063502602880755,6.340127655624836,20.724838911996002,85.72565856405835
20231017_EGmilled24-2_68,unknown,2025-07-24 15:44:08,1,469.353652,460.524859,222.330921,6.637683486146262,7.474421310154434,19.995090568403132,62.33072300695593
20231017_EGmilled24-2_68,unknown,2025-07-24 15:44:08,1,474.20684,394.925684,224.414971,9.226631508937217,4.6475712672925855,17.54298948105694,109.20136970969101
20231017_EGmilled24-2_68,unknown,2025-07-24 15:44:08,1,483.714606,502.547456,251.412364,6.123281120425968,6.338429742982783,20.311048693440103,91.35548241216989
20231017_EGmilled24-2_68,unknown,2025-07-24 15:44:08,1,457.538485,526.864287,208.710899,0.0,9.391658293958994,21.256489213987756,57.64270632706292
20231017_EGmilled24-2_68,unknown,2025-07-24 15:44:08,1,497.58974,444.028065,255.751497,5.171169632140962,18.849078242396995,11.817174373947072,108.70278441837657
20231017_EGmilled24-2_68,unknown,2025-07-24 15:44:08,1,454.872485,411.989848,166.466219,4.544608086109184,8.095214464359008,19.567628484689944,74.73656335419464
20231017_EGmilled24-2_68,unknown,2025-07-24 15:44:08,1,485.464753,510.594402,252.679677,6.619597750105728,8.732388550985517,19.499189910811864,95.11142514197093
20231017_EGmilled24-2_68,unknown,2025-07-24 15:44:08,1,452.41753,418.964,173.681738,2.463013883214217,4.293430508738083,21.799099231908883,67.17307556834132
20231017_EGmilled24-2_68,unknown,2025-07-24 15:44:08,1,489.615609,525.708885,257.407711,0.0,17.742927686637536,19.777718452216185,105.89035010297927
20231017_EGmilled24-2_68,unknown,2025-07-24 15:44:08,1,454.454038,410.98411,170.878345,4.544608086109184,6.667532309213686,20.648405807967098,75.40525263351526
20231017_EGmilled24-2_68,unknown,2025-07-24 15:44:08,1,477.217838,401.514609,230.129049,7.159168152666489,6.922867229970531,16.990411199475407,107.76952565050705
20231017_EGmilled24-2_68,unknown,2025-07-24 15:44:08,1,480.446915,400.759048,236.473801,6.124450459417557,7.692655355391977,17.481164240994147,112.94254586183538
20231017_EGmilled24-2_68,unknown,2025-07-24 15:44:08,1,449.710845,496.078009,126.477692,7.265535625242387,17.092882591260267,20.550528812798465,48.40630934634148
20231017_EGmilled24-2_68,unknown,2025-07-24 15:44:08,1,467.487744,500.475653,229.956011,7.802866367003415,5.377812754204613,20.959206975760882,65.0287170397852
20231017_EGmilled24-2_68,unknown,2025-07-24 15:44:08,1,457.245944,507.108262,126.196731,6.737957895728431,21.187479775836515,16.83775317569963,54.09474418026506
20231017_EGmilled24-2_68,unknown,2025-07-24 15:44:08,1,452.485306,511.865846,113.477848,7.946774338196666,24.610069999967443,25.702413372564287,66.09883935891077
20231017_EGmilled24-2_68,unknown,2025-07-24 15:44:08,1,468.429847,449.483668,212.568445,6.849637740127439,9.8313409873012,16.48225977824157,60.20484334570774
20231017_EGmilled24-2_68,unknown,2025-07-24 15:44:08,1,484.961815,401.868086,240.460605,6.124450459417557,10.596088108414323,15.545941377016176,116.07663815769506
20231017_EGmilled24-2_68,unknown,2025-07-24 15:44:08,1,447.569477,423.302462,133.714837,7.012608705711013,12.66636162332277,23.27696558885551,73.4125982612999
20231017_EGmilled24-2_68,unknown,2025-07-24 15:44:08,1,452.512794,418.720171,176.130801,2.463013883214217,3.856841390882483,22.14949590709515,67.50820386074209
20231017_EGmilled24-2_68,unknown,2025-07-24 15:44:08,1,454.510682,478.494381,146.108495,1.6613817762374987,16.17757649463384,12.623833388228627,30.736553194542385
20231017_EGmilled24-2_68,unknown,2025-07-24 15:44:08,1,502.536538,445.251722,254.872379,5.171169632140962,23.567366286232538,7.745964040466755,110.27120605931847
20231017_EGmilled24-2_68,unknown,2025-07-24 15:44:08,1,611.476589,349.751717,256.537039,57.9959076133108,24.395303359631544,25.41851091774138,233.4820607073758
20231017_EGmilled24-2_68,unknown,2025-07-24 15:44:08,1,455.438804,478.50712,144.730592,1.6613817762374987,17.484388250443395,11.684269266107588,32.348568283135265
20231017_EGmilled24-2_68,unknown,2025-07-24 15:44:08,1,469.456563,418.489315,220.734172,20.89597442708017,4.479258979709515,17.29361083292539,86.99350377432877
20231017_EGmilled24-2_68,unknown,2025-07-24 15:44:08,1,444.50192,472.512013,135.501193,7.236295042202497,11.240210119779725,20.894038463954903,39.49975901898012
20231017_EGmilled24-2_68,unknown,2025-07-24 15:44:08,1,460.481812,476.327394,155.17589,8.230286324665684,19.500862427628146,6.227373189402101,27.895100569299558
20231017_EGmilled24-2_68,unknown,2025-07-24 15:44:08,1,462.528,417.550942,187.466606,15.171417952020937,9.796731017090092,14.197184949744148,72.50314743638329
20231017_EGmilled24-2_68,unknown,2025-07-24 15:44:08,1,488.444507,381.516527,218.72462,20.36901439826529,15.001882135160175,5.015128944697641,122.9837366826117
20231017_EGmilled24-2_68,unknown,2025-07-24 15:44:08,1,452.434824,418.429176,132.389634,7.012608705711013,17.88827599716995,19.551554642413542,78.81273345284085
