active_zone,faCoordinateX,faCoordinateY,faCoordinateZ,nearest_neighbor_distance,distance_to_presynaptic,distance_to_postsynaptic,distance_to_fusion_point,distance_to_active_zone_center,aunp_cluster
0,258.725251,645.62598,179.827438,12.578120440699568,4.96871227788045,24.294778939104955,12.168507500794918,142.7010077407028,0
0,455.964559,432.475196,165.712107,7.581404400601435,5.2982683920582065,20.203221755433876,14.782151019303289,155.76979009083723,1
0,324.937493,584.103902,170.952863,12.777835100434356,8.157736666769166,16.261161536464712,36.40397539755118,54.67621116458548,3
0,363.866452,517.468845,185.367449,8.182341852947156,3.6039255124868883,25.702850764732332,29.25632253056705,56.826797329901424,1
0,362.269899,533.517236,176.265458,5.748721720433722,6.376169178528447,19.57616603164847,35.75368040917673,39.20027503729444,1
0,407.933313,508.85793,137.120318,7.6231682565558465,2.797488107302818,23.323715328961914,25.340928861882112,65.83517599711547,1
0,338.997685,615.193795,112.216014,10.470949208722327,5.013544201188906,20.815154628092913,70.92769846181706,72.29692140781418,0
0,305.287309,659.689142,105.293561,9.120362500819034,6.613224262251737,18.645571945025996,66.45384738997714,125.62238952086734,2
0,308.887819,569.301317,195.569767,7.118545983188055,5.148910097979901,26.506764694117788,47.17958640577921,76.719086591938,3
0,311.832602,644.691248,116.884089,8.50400710216142,5.459209165048002,20.523156378580783,66.82064074094838,106.6134879283258,0
0,212.460319,712.531751,182.724777,8.45002135813705,5.789602065899936,20.759108058062075,68.94027482528635,220.78544299679683,4
0,395.903891,490.967728,191.46888,9.733383563882018,14.45482045596928,12.74766531430794,45.420587529489865,85.9680480142369,1
0,450.333749,440.408614,164.068746,9.294616141289168,4.999810563003089,20.97482199473772,10.45358704377661,145.92490533820705,1
0,264.324134,653.826433,163.953439,10.157714194564361,4.522032777009082,21.38845410761319,24.63854651524792,141.02757552937425,0
0,298.927864,670.526289,91.911388,9.957983314722181,9.17785570120827,18.472070863617557,66.96455214386336,142.28286176170934,2
0,530.034472,389.428145,128.119831,6.0024588567322725,3.4109805037536485,21.39015495001039,44.33113672378849,235.90803940479645,1
0,217.365604,748.349354,127.430086,7.0993609991661275,4.75474857842403,23.180921089685796,78.3240064070177,242.3042912886494,4
0,259.906577,663.364926,155.874054,9.151791367551652,3.2667757781353672,20.700544986085696,26.40846216443607,150.08183282577014,0
0,396.903184,470.36104,190.339352,5.790437967452642,4.144835879150532,22.372576200792192,46.46605850030881,103.20999378295616,1
0,519.904811,388.572639,147.99796,8.34670939005976,5.223265906004236,19.655837402686366,36.86352892952757,228.8172059924826,1
0,221.507456,731.341212,154.783095,10.19924640211768,7.403017798692481,19.684886765234953,63.48233927239387,225.71787223110587,4
0,520.312021,407.88233,115.35648,9.499112248738054,4.195774563288454,21.357835707248444,36.586893292914986,217.5593163915822,1
0,405.833988,480.104898,170.948218,7.023639030204818,3.9167034223321626,21.658033518511175,23.900759692462472,91.27406123491372,1
0,392.126526,469.211974,201.115055,10.036671770843297,6.579035239578803,21.655940803662375,57.89128405995215,107.8304423799766,1
0,222.260748,746.259755,114.723972,8.524160039062512,3.717601845828274,21.693437369628327,77.0644463866401,239.11941236506547,4
0,382.448666,493.681261,194.287287,10.180687451509636,8.514763930633976,21.630114790390635,52.009202812499375,82.036912106743,1
0,387.350899,527.376745,145.968508,7.118409801078006,3.7574299045444564,22.757189083313104,46.090886722363436,38.1215140001265,1
0,401.235604,485.306338,172.011887,7.023639030204818,4.33039417981881,21.5342602954119,24.970447021151365,85.15384187655617,1
0,415.978147,520.73755,118.614808,6.587020524305239,5.075957086679711,20.008965673087022,46.273358419358445,68.63161005698231,1
0,388.385467,493.885696,186.019337,9.733383563882018,7.73092206510763,19.95936288957162,43.39982053281261,78.82830885500219,1
0,364.249079,548.208527,154.7296,6.348273850923228,3.974957325561311,21.005803280506978,58.15451531034123,14.705623113766958,1
0,478.790707,448.820972,125.428471,7.208452035190777,4.847734298008304,22.58690461574354,44.27281771917774,158.40340172611266,1
0,391.350088,515.454198,157.46307,8.389442563896301,5.335409273732773,21.722058558898503,34.97383700034855,51.14383441623195,1
0,532.758324,383.191776,139.40997,7.485149954114069,4.716194503429284,21.296980280170374,48.89818385915347,241.59573950057808,1
0,288.767544,670.631305,105.180311,9.236474597783781,3.785450450698391,19.79682620545234,50.750159006232614,143.04224632085138,2
0,325.867771,551.806353,191.58961,7.895645863816415,4.291665186815139,22.33573486974272,35.17211038662188,61.46215056031481,3
0,497.207955,440.549091,113.365053,6.124064104090851,5.16831505854042,22.29480062480845,40.847291199694396,179.16610674337312,1
0,501.939776,409.622605,135.70139,10.214514507190444,3.1428603595158515,20.364067523693695,11.670112455623178,201.58171740535516,1
0,371.856244,526.365279,168.706066,6.8631423221071,4.169996963413848,22.79581457401008,45.44859919695949,39.75847551902649,1
0,318.980596,556.550644,193.250942,5.995507671958798,3.395518448603928,24.337656718395884,41.93060380968424,67.11291839276136,3
0,320.93421,634.229217,116.548086,6.574469184821203,5.337267429509834,20.89596247563299,64.28448699289517,93.70014431887097,0
0,345.356875,593.395011,123.95352,6.869422226082065,2.6206656182026515,21.824440989197704,66.72317549721309,47.54427106706989,0
0,345.71508,598.266938,119.123926,6.869422226082065,3.2748105764650295,21.598941645975014,69.63379709471994,53.38559794606059,0
0,273.659165,648.431602,157.219453,7.917104854967227,3.952801455746684,23.14482886272948,29.891349793659487,129.9462266597622,0
0,226.214909,724.833927,148.496621,10.19924640211768,4.75623544961459,20.549865570554097,54.191472353927935,217.64437009812093,4
0,425.264862,487.41187,141.104943,7.640341848094859,3.0226237797199067,22.299976613210063,19.194549076421463,92.65172349046473,1
0,486.540422,377.148302,202.706087,9.565504384429907,10.561931246776181,25.405811277818373,72.94424767575545,224.4274689024508,-1
0,297.793352,588.065539,202.926582,22.246995953715572,12.744407878145418,28.85321942389443,40.24000740698078,93.59113938201244,-1
0,430.726716,446.210352,182.210444,10.639864948777577,6.20345942637719,21.18101797351729,30.5106407800371,134.20881181291367,1
0,330.137652,602.848612,139.708108,8.807515167116856,4.279608511056014,22.398600569684383,44.431300560824454,58.177277267571434,0
0,448.205447,430.588122,174.77035,9.87099984588618,4.618637790828275,20.864892174610436,18.728768671787087,154.4398022191137,1
0,323.042852,597.979689,151.776945,8.030107779922801,3.557366407432636,21.368290082417605,32.464123354433,59.37801173575314,0
0,283.836992,638.565594,160.124825,6.374884542292176,6.323949314192246,22.147318274658502,33.00284602951495,116.05224248763668,0
0,247.934455,697.097922,147.776604,25.86825490209072,8.468411181661077,10.797189353557359,22.968879465953346,182.47807325740743,-1
0,397.002673,535.436664,114.497738,7.746351678678199,4.059108071253266,21.326466885408593,60.59271464441921,51.01485680570724,1
0,382.780802,532.66168,147.330651,7.118409801078006,4.0264122257665145,21.840686107415955,52.83270311929165,31.258025895367958,1
0,216.037737,754.966129,112.768544,8.950325258177253,4.815423295700509,21.60966290670904,87.61641440259478,249.97875817154284,4
0,405.779907,506.747101,144.393982,7.873940846423291,3.521825194079509,22.042702718575967,21.194061410578737,65.39334349280922,1
0,309.102692,564.122944,200.449519,7.118545983188055,6.429048067598722,28.52610717877345,53.28170434212331,79.22776456137008,3
0,272.890645,656.066353,155.269965,5.910649696731165,6.7012669359767605,19.34737583206796,34.86381578052562,135.6531360308772,0
0,324.475953,608.828184,142.832561,6.350192216808804,4.8918889802885515,22.026761710536633,38.532521236654986,65.95483983455799,0
0,289.487602,665.382367,114.918159,11.085825062768738,4.1776505435275,19.558948717927503,47.13414309257017,135.87436021901186,2
0,533.822639,380.039821,153.00402,13.201106901548647,9.730231528312421,20.528942384068586,53.93409088822554,244.48240965313775,1
0,236.974445,737.056271,100.044969,8.337743515516731,4.540918237288841,19.442214185916466,70.88865906875796,225.74594512149284,4
0,392.496447,497.102105,172.706764,9.723207161056763,4.61352145085608,22.119495640062375,31.083436144579682,71.82833027285929,1
0,210.470657,763.127531,122.889596,8.75019607456455,10.332547043708688,21.332205923868756,95.07335135705154,258.51824269296435,4
0,397.157171,524.499381,141.191056,7.008281031499009,6.7157354295374825,19.64596784827528,40.476530967824786,46.44009302365414,1
0,209.29425,720.140467,180.857611,8.45002135813705,6.488150574606954,23.348647387994074,73.61257815406942,228.02093153212545,4
0,258.479086,673.717834,144.407798,10.467548309767873,2.9357337514476423,19.855176329786705,12.93812125088023,158.25090751158356,0
0,430.03966,482.221046,144.04288,7.640341848094859,4.530265018861147,21.179430097638008,23.297072634482152,99.4642616502223,1
0,268.144737,659.410859,156.377402,5.910649696731165,6.2424835336783016,19.24199376277978,32.991091558495505,141.43032157986383,0
0,442.055513,419.237925,190.092924,14.647401553647981,3.909026858761055,21.559189252173425,36.82465088402094,164.40107633753675,1
0,521.454203,384.223047,154.951232,8.34670939005976,6.6143769150784575,19.674402492556144,42.94902742886819,233.19145063816381,1
0,315.417313,612.56364,150.279776,6.741028240613631,4.798679404006843,21.582158145534322,28.153465249550152,74.6987266325728,0
0,385.344459,538.233334,130.193495,5.396430125349462,3.9500779387784117,22.522556290672117,59.44903167988878,33.48174093124629,1
0,332.811592,616.20423,120.603627,5.711506599337277,4.942718006543721,22.14464008685327,60.9454015633585,72.1378532270605,0
0,377.032209,552.928351,120.391689,8.04397317451231,5.531730767443538,21.43438233572069,78.51577731373108,30.65929483301709,1
0,203.961238,745.240972,174.509122,7.689671054614646,15.364374345161634,22.17578005923604,90.14460881103545,248.98451723841987,4
0,371.280291,547.024577,146.408361,7.713727457376631,4.163559958780697,21.388516386954212,67.21400039284529,14.150720066792886,1
0,364.894609,546.276981,165.723383,9.950479213921867,9.00650386798632,16.31223457542493,50.00860217750543,22.57696922766571,1
0,213.210235,754.9785,121.260505,8.75019607456455,5.110015382672909,23.44279449119583,86.87998962566058,250.6503357171296,4
0,204.614062,729.516233,188.915395,6.269129464280377,14.5689214243927,21.758168200108063,86.54326023011531,239.09667632903145,4
0,437.968907,445.397633,174.150525,8.002798974585643,5.764350556677677,21.385611413702392,20.733911454743755,136.64269863816514,1
0,382.600101,547.144938,119.88551,8.04397317451231,6.847699836836442,21.020713295379373,71.72314581347138,34.80322912337252,1
0,476.66401,423.777116,153.363855,6.384300677821619,5.348224286750701,19.711492664828643,27.13256831621423,174.15486108883735,1
0,428.657218,470.238877,157.015093,6.913192319204341,4.81897208994871,20.678090705139834,27.99976669925961,108.59755204976858,1
0,416.159253,444.450818,196.384015,10.35565090294219,4.284306703847451,21.44280096372309,49.16214631804286,134.09716659469856,1
0,434.764755,467.903758,154.770669,6.913192319204341,5.631395330438747,20.210244859671437,33.52439738577025,113.81461584104646,1
0,396.247361,515.73653,149.797031,6.699012768020424,5.0215955742738405,21.53154576518739,31.906142876896336,52.53026980144977,1
0,360.140856,538.522702,169.758854,6.951403098046438,4.289525738646426,21.519703390335447,40.72135181001045,31.784771148284207,1
0,264.394376,674.935652,135.858188,8.226847880060156,3.6020564668487562,19.752246815511917,15.429563793221565,155.54996687734348,0
0,353.498808,546.676028,168.132155,10.641413258265123,3.8879511714205055,21.398810593292644,43.279644194436706,28.527184495872184,1
0,339.075112,601.763984,126.412884,6.797061206400938,4.013908939496236,22.076717635602762,59.70536794192954,55.66668429427342,0
0,481.991723,441.941595,130.994459,8.942922949951642,5.965535924639822,21.043268969523346,35.81720286828731,164.8023185384126,1
0,417.288287,451.614384,188.991579,10.35565090294219,4.8227558497500524,20.613019681559706,44.82001428006173,125.80793947848377,1
0,403.995154,520.500972,130.23152,6.217409015444145,4.146260270637943,22.576841773129384,38.96344160020502,56.4117086964614,1
0,423.675618,475.27032,155.131431,7.32665952208054,3.489715024897378,21.601156279648308,20.81206359983684,101.55660079794151,1
0,331.718782,611.246319,128.740374,6.003399979342191,4.852404164575461,22.760213743435614,53.42502126349403,66.06159429636593,0
0,208.279427,734.126901,176.132225,6.700484198851435,11.523547175142536,22.065824246052728,80.59052407368344,238.1038877796469,4
0,318.705601,576.209764,178.834435,12.227289544347004,4.172275199096682,21.2671497760571,38.45664365333876,60.689449407684755,3
0,311.107645,628.386921,145.057247,8.104568795347161,7.563313144842346,18.562233332207768,37.16674470196639,89.24717140803652,0
0,213.777971,750.454911,145.255542,7.977855610516259,10.208900645433477,20.59191264144187,81.75973040473136,245.27043843495977,4
0,436.207934,451.165641,168.889931,8.002798974585643,5.01047497592297,20.8657313863653,21.254659052092627,129.98964457903244,1
0,243.584787,659.528486,182.294339,5.160131044274948,3.8392643518526453,18.030832912049156,28.322005550369923,163.24807465671282,0
0,414.382643,505.783815,134.461624,7.6231682565558465,3.3720431644532547,22.390413594827795,24.96978934602363,72.6206572267785,1
0,290.464846,673.14847,96.457037,9.236474597783781,3.9418010824232934,20.593204030973094,57.46998795648106,146.93680728173106,2
0,465.05177,430.092688,156.149649,5.951177425265842,3.9166444729473238,22.143705480160516,21.433523148583966,162.20813754712967,1
0,401.310685,531.522935,119.609462,7.746351678678199,4.964670012672413,20.611525893206473,53.98164132567746,52.41689083471837,1
0,272.164613,660.356442,144.269959,4.464196099028588,3.484740953039669,21.581793823341936,29.699989595409328,139.1432718006704,0
0,375.628786,530.505578,161.233208,5.932431506520617,4.620611762001004,21.24146243370007,53.84592537026463,33.28432173607206,1
0,415.633656,486.386639,152.082692,5.392030673540927,2.85090910875277,22.106774505513677,9.341662458511546,87.7329445527791,1
0,275.811932,657.834452,143.75452,4.464196099028588,3.8572137930727943,21.29018337511697,33.86800868173843,134.81559224582784,0
0,439.461681,440.151901,181.760684,7.005478156257017,8.472924139660606,19.7049479475225,25.56626989945836,143.37960836150114,1
0,383.421581,472.670428,205.516395,5.475770674140939,6.07722605212445,27.664860089367803,63.854008401684716,105.64863920899677,1
0,248.21257,657.245851,182.306763,5.160131044274948,5.670610796851039,17.713238695566666,24.608341377590893,158.3146922909975,0
0,329.428422,595.761363,147.442645,8.030107779922801,4.429420761908218,20.871309127434113,40.36044357588994,53.01838231331961,0
0,213.728937,728.614172,171.74206,8.908472876692455,8.943515839841163,20.929675232292414,71.77406714378628,229.93248276059145,4
0,400.155897,517.534854,139.945406,7.684311151905845,4.002059035009775,22.313455065421305,33.39120642791632,53.926084855992215,1
0,381.844668,525.072101,158.583759,5.550380347852303,4.373944135863718,21.869094247219223,47.97594764777384,39.07112091261409,1
0,442.432327,438.593303,174.612868,7.895900135689159,5.231801520544159,21.67258096493872,17.88806705760194,144.72293196005617,1
0,308.856457,590.129355,175.723734,7.507351691861565,3.9316848249629412,22.791567527547937,21.850808071222822,72.26904741431558,3
0,205.188185,713.78963,202.749308,6.543729205812657,15.624964025893208,18.576002750640747,87.71629403223953,230.6837536874325,4
0,419.197371,430.79756,204.57233,6.91698452916083,3.7730893078908196,26.78809651517861,53.90629605169867,149.9427295615247,1
0,419.497797,482.629484,151.920842,5.392030673540927,3.15067515437627,21.93623569951337,13.23945155445299,92.96619957658304,1
0,389.303903,523.891337,153.209844,8.014136632474482,6.397421537701355,20.323627920772285,42.41280842302205,42.2088365444344,1
0,330.126757,634.247328,98.058144,6.401010039559487,5.603936548689987,21.35518287036628,82.87244123055464,97.57070378352617,0
0,322.469637,621.81822,133.63188,9.659359684520968,6.2009371955022266,21.40539230737507,46.92321633149019,78.4116025891619,0
0,394.669409,529.568016,129.591953,6.976221100882999,3.790435351035678,22.847609716058066,48.993219822875766,44.68963381202706,1
0,318.931863,628.933935,122.926067,7.302122191937397,3.6157951196298774,23.17777325272824,56.00387074140785,88.62498029270847,0
0,301.521748,620.639877,157.41921,9.54414908858288,4.450573173069172,23.071307279502683,21.227604825173753,90.77412763226982,0
0,385.332953,515.163614,168.530152,8.01564476723318,6.782989488420627,21.11450066600325,42.08268856475713,52.17726460688934,1
0,323.870031,623.65192,123.943811,7.302122191937397,4.384242735476391,22.67482140712977,55.409609611193666,81.47302224304725,0
0,266.227814,665.993912,147.256646,7.310464455772094,4.618914586191929,19.833410209228017,23.28039279889835,147.25475407209223,0
0,407.505705,492.417172,155.313925,10.624113253480445,2.6092984300118904,22.101146160857887,9.95045401922671,78.60361014270703,1
0,399.480453,501.529987,157.731708,5.259467915696895,3.665916690739547,22.024814982682443,20.12438532973943,67.09864691099948,1
0,209.819202,707.972726,199.009761,8.32267399125511,13.20473486539508,15.37401149043324,80.21188880745508,222.6716397399648,4
0,208.435629,744.660219,164.040956,11.39912050429532,11.887594729463267,21.691963660963474,83.48907462860622,244.73557924682774,4
0,210.50983,732.243525,182.889351,7.360744152574586,15.584334563969586,18.00839514640057,81.80732775433769,236.1007166852728,4
0,514.154278,419.582909,109.787047,8.497678880888056,4.3738910112735025,22.88194997282675,37.68027743178836,206.09183105348936,1
0,438.135768,433.483542,183.449372,7.005478156257017,5.012459720601765,22.32457761640628,27.131467507466375,148.7958154295022,1
0,369.636239,551.365125,139.928382,5.998357788110335,3.406894525989,22.237166822192897,73.26481729207755,13.076446783542348,1
0,472.37423,433.133437,150.332446,7.360057200708856,6.515230663539793,19.952602012633825,28.95294037684952,164.1129198771098,1
0,380.945218,520.224574,164.127309,6.689279270459397,4.115376069604325,22.98735268146499,46.283829896081016,44.85119784830542,1
0,533.029886,399.82885,110.122651,12.047643732762763,5.005042539127448,17.984302285241814,50.67909125861225,232.90208112337623,1
0,371.419385,534.382364,162.796927,5.932431506520617,4.9985461663473165,20.946010224020608,50.87327375995337,29.879946191738227,1
0,214.442249,761.124392,131.611974,6.470165114030884,13.340079052864098,17.934820810976166,90.83887525829668,253.77254122765856,4
0,369.184564,544.453548,153.372507,6.348273850923228,4.227574657085571,20.99977479272668,59.87687262894664,16.914805678855114,1
0,225.290979,741.626622,121.205722,8.473107467279817,4.671325413974747,21.46458363017163,70.22374250421325,232.80289044121986,4
0,504.217444,415.593539,127.732922,7.406026905122174,3.9940197898100416,21.017619021164776,18.1741331910383,199.37521123622741,1
0,369.121297,554.822757,135.053968,5.180291706157156,3.4918141167400574,21.92461757511239,78.42501299531335,15.155706311713217,1
0,320.800074,564.136873,191.79753,6.118378504165686,7.513279476197617,19.697871572346667,48.34949306261272,64.739599407924,3
0,414.935316,435.622581,207.101902,6.91698452916083,5.289629199146198,25.247373784130346,57.99272513061954,145.36740457638487,1
0,436.010381,478.859985,139.45099,8.248132763096248,3.761254764271212,22.465122635645326,30.676278285678805,106.11624173949559,1
0,400.562202,526.694936,127.206987,6.976221100882999,4.568349193830682,21.897239763192633,46.21179182040979,51.16009237872085,1
0,486.531821,443.34986,121.142719,10.403152535796243,3.8207859874856767,23.460424639801886,39.13264881966268,168.29421257465455,1
0,484.748422,381.76051,194.519809,9.565504384429907,7.219727057861349,22.09437354128278,63.73599751973696,217.86527695687948,-1
0,329.917296,624.393603,111.859834,6.927957842377322,4.035139876737823,22.42854962005907,68.20443359322017,83.4902897571329,0
0,506.983358,433.664574,109.393376,5.612527739686346,6.377129827222106,20.945147570033615,41.0973525550549,191.57112655709102,1
0,286.553177,633.170175,162.162212,6.374884542292176,5.667721703895017,23.277423317172023,31.71223225604135,110.68379896955948,0
0,318.068262,568.373568,188.198966,6.193710050403095,5.360896819080333,21.13333762684299,47.51814560785078,64.91928260819354,3
0,250.852129,642.756516,189.207696,12.578120440699568,3.6198775295853105,27.1424247572029,15.986168502421979,149.51199164409033,0
0,519.721687,416.094566,104.397616,8.497678880888056,5.9310983074781145,23.740613076565698,44.27475932865311,213.4648282740687,1
0,407.767945,516.232023,132.721158,6.217409015444145,4.956302209472549,21.549156786702664,33.88969137237659,61.10425162104054,1
0,334.151513,585.606676,149.151607,6.977292221867873,3.59266718700324,20.507216475913765,46.556569249514666,42.98404403845338,0
0,377.29909,545.851416,135.343307,6.487012848869711,4.328661702324195,21.88845673546036,68.21710404150586,21.773325010845724,1
0,477.841078,426.004715,146.974731,6.867939419418391,3.5876930575237647,21.789965912582506,24.6554267069867,173.09994270091482,1
0,325.159391,615.189973,140.123012,6.292149864326535,7.286731124113192,20.486534923435087,42.16578702392914,70.5811098263236,0
0,267.846307,669.657849,141.141179,7.310464455772094,5.008717636059501,19.288304067456696,20.795941156264064,148.98322453129506,0
0,496.423024,445.870888,110.438191,6.124064104090851,5.996589993490493,21.585228285946375,46.71068167672664,175.68676435250416,1
0,280.369182,653.994084,142.814971,6.033216908194599,3.749151688996267,21.697866939983772,39.51910599793688,128.93595263349766,0
0,364.864658,533.434637,170.104244,6.685817438180472,4.526143381933173,21.945655622231207,41.30695668643379,34.83532328491381,1
0,435.513912,474.781201,148.138831,9.583409293520873,5.69752845326172,20.401903130779594,30.283239344680254,108.57903727840716,1
0,345.103413,619.509106,99.16315,6.465546736309177,6.1907443057506555,19.627670642541688,85.48955420329685,80.70418350974978,0
0,461.082522,432.033819,160.136326,5.951177425265842,4.998766224786843,20.92459709318447,17.373159224475987,158.54361358224966,1
0,390.871805,532.060692,135.253355,7.258560627796417,4.9406712783429025,21.545275754508168,50.60431745854721,38.4906098584864,1
0,465.821717,443.855474,141.985642,7.8492868561744045,3.531954165862417,22.36784732414838,27.59772150446308,151.8195652059227,1
0,487.005009,429.337175,136.917037,8.050527738850658,5.1304357642600396,20.881378109746187,22.02802515102553,176.89612307327386,1
0,315.069703,636.889752,117.872003,6.574469184821203,3.435037274361619,22.83654179923782,62.44006992105195,98.46062098046829,0
0,341.483859,604.844441,118.151428,7.881150247638587,3.5862166598804324,22.239804832196512,67.13867816278089,60.51752633061296,0
0,383.784307,467.270163,206.346836,5.475770674140939,3.95351577784095,29.202816625961443,65.7918792500695,110.66853480983468,1
0,450.638555,458.276203,145.6086,8.903116382546596,3.819707931765944,21.685594801904948,26.330032976353685,130.93859024379086,1
0,457.567917,443.343105,152.637034,8.578601557625252,4.674922685993132,21.519278610019374,16.056942983754002,146.9949712246062,1
0,208.133695,762.535627,131.340683,6.470165114030884,10.887562651566343,22.763694466942873,94.71302578175987,258.78643966748047,4
0,461.068205,482.93725,105.443791,10.022524962182588,3.178249188315561,23.89037484273701,68.48163111973835,128.01530533828827,5
0,366.819423,523.022386,180.134012,6.484699120845462,5.448193992088707,21.96913036380393,34.44878624366267,49.01515147394486,1
0,379.945284,542.16403,139.978194,6.487012848869711,5.264328757675377,20.891050712320762,63.07852942081045,23.291194899324992,1
0,530.995522,387.865003,133.834941,6.0024588567322725,4.8760990175568715,20.046301957295572,45.14320949516069,237.26548404415587,1
0,200.287041,726.983773,202.442919,7.842874956217493,20.134302577884423,24.77038776403896,96.15259426396574,242.95229418995663,4
0,510.582477,427.092393,112.668461,7.843381415479742,6.958156873691327,20.134213593733364,36.79862105486761,197.91278150660182,1
0,448.356911,463.385478,152.533547,5.517322179729406,9.299398828028224,16.536488124624977,28.596464419396455,125.53272853948022,1
0,319.48728,621.442025,143.689984,5.598978799127045,8.51158668563865,18.446742671007637,38.539097931428536,78.6309534701775,0
0,379.394097,514.886106,176.932558,9.482024342907684,7.333280577830442,21.56095827071091,47.017794704774346,54.6911643641013,1
0,320.344919,638.707945,107.265119,10.323746640815747,4.141253668635209,21.76455601419113,73.49396044111597,101.01137233031906,0
0,416.488827,510.388486,127.768437,7.487651517106101,3.9468649717758324,21.914333309435364,32.9461994621077,72.26464185676616,1
0,399.609329,474.532526,187.372088,5.790437967452642,6.506949070954242,20.234235475778043,41.88279087447177,99.17487858454558,1
0,481.194931,434.888907,136.435101,8.050527738850658,4.353738196646611,21.88051061477795,28.836236926813054,168.94005399542831,1
0,437.457569,507.045671,117.30072,20.676060420129588,8.067005052410115,15.751063303977421,47.8032764376295,92.43893597880073,-1
0,293.478214,620.346307,167.171821,5.345978225362129,5.245725547950019,23.636941063928514,17.890191694093566,98.07501810303748,0
0,444.403636,459.540056,152.374832,5.517322179729406,4.983379014179629,20.9545750689925,24.553196377503852,126.1404485133922,1
0,347.535885,627.728904,91.685191,5.473062916534114,11.96526605447339,17.18606589733498,94.650061607799,90.75005842265551,0
0,376.253772,521.672396,171.102171,6.8631423221071,5.665320147841784,22.010494540368505,47.047626368505405,45.47954897088951,1
0,215.047348,749.124642,134.095335,7.0993609991661275,5.595326535364276,22.987860409836475,79.53497682009493,243.86360215642702,4
0,432.619581,427.079614,198.094016,8.756486799119436,6.469953368028307,21.359299126504936,43.43957614078372,155.90394057806253,1
0,315.224223,563.299769,194.947685,6.458663484424791,5.319196794060378,23.8746588881273,49.52035530809432,70.97410349832941,3
0,330.367401,611.595011,138.136474,6.632756076246697,8.113020641979865,19.479908884561418,46.43837180475832,64.88868791401605,0
0,393.741459,519.762254,145.065142,6.699012768020424,3.4554981820373794,23.207429845398494,36.60568320194362,47.94332782547158,1
0,462.31607,448.261414,147.454594,7.8492868561744045,7.073949008087507,18.74601051797735,24.108266356895722,146.03667641619478,1
0,236.113287,735.075207,108.098028,8.337743515516731,5.188655411776778,19.6526685601026,65.54986018421302,223.09624754358356,4
0,323.08364,558.914459,189.573508,5.995507671958798,5.306303937873477,21.320393860288547,43.0251183859914,61.49789324743909,3
0,347.622696,619.546071,93.208728,1.6046753154519906,6.392366173311029,20.445786234396195,91.65033705909559,83.85095824507981,0
0,500.366648,433.403947,115.037587,7.9892298896789935,4.513744224911418,23.19019976650782,35.018828716045476,185.93497718128046,1
0,384.507523,520.203637,158.465507,5.550380347852303,3.644292992338896,23.28419365764503,42.57488858610709,44.38419019881602,1
0,395.658402,480.948601,185.600028,7.74054514931303,6.112189747655958,20.722812083328414,39.865447199197575,91.72102558452255,1
0,343.451144,550.220782,174.634659,12.482122858209172,3.885753032387351,20.843219469198413,38.993258706390336,37.88166519994591,1
0,479.213238,461.526988,113.68574,9.89901626487674,4.787821835907162,22.178525711960337,59.65184700641751,152.28794701346305,1
0,217.435373,744.777615,141.008437,7.977855610516259,6.722374531395688,21.379961224025127,74.71236398072092,238.6673697240148,4
0,525.29657,400.82659,119.306662,5.31873398490534,4.686258959088363,20.259468854848755,39.43077883445506,225.43366069255504,1
0,352.485847,575.771324,134.190686,21.592039110799732,2.722088711701916,19.285672083084094,71.55723186046893,26.91239902577129,-1
0,386.851639,502.20823,178.75692,9.723207161056763,6.92006397582715,21.03112922847652,40.54811405404725,68.02956596512172,1
0,395.489208,503.784499,163.209456,7.142729461464485,4.868635810560527,21.322645144556567,26.420325499687426,64.34695007240684,1
0,499.202467,420.903035,128.961129,5.631770359712245,4.2697068203300965,21.37452778826278,17.627787041081625,191.98317701997325,1
0,416.474723,517.027188,131.231436,7.487651517106101,9.882499776844226,16.34484267355904,36.43863992692701,66.78900279284174,1
0,442.498537,444.035526,167.510381,8.152569886672842,4.170043869154847,22.31336741330241,13.614315066625457,139.06979977762714,1
0,525.470897,397.351807,123.329649,5.31873398490534,4.19655373156119,20.713090852092044,38.77622072869151,227.54320582123623,1
0,518.055784,430.555411,99.469226,8.433490894900208,13.674641833128248,20.284695448741072,51.59246356449718,203.85468735670617,1
0,512.476633,427.405304,105.063667,7.843381415479742,6.469300676597699,22.76844156785974,43.20885548723427,200.58689499977828,1
0,299.164265,664.844945,100.922401,9.120362500819034,4.748266023723427,19.958322176203765,62.452596356412855,134.34733011790854,2
0,370.053838,556.790767,130.353678,5.180291706157156,3.7409213341153893,21.662105958714285,81.98951164526147,19.07284244735865,1
0,519.425976,394.159648,136.956884,12.38342891775466,4.028036008167155,20.32989006562441,31.913253466211696,224.64156034853715,1
0,478.5419,454.968505,121.069921,6.763484995163413,5.217653674656796,21.84140775564693,51.24954975494659,154.66953846859383,1
0,407.885126,525.239638,120.770437,9.167930988140935,4.7562161445692,21.031397444684476,47.74728595876853,59.604964134009904,1
0,466.574577,495.071495,93.271758,8.917028081949104,13.777385604363133,20.197255951013585,81.03573306445969,129.9825424761141,5
0,222.312279,740.93291,129.107599,8.473107467279817,3.936041699854419,22.822769404852963,69.42087949002153,233.3166634737217,4
0,370.48412,538.507825,155.265917,6.373811200370161,2.6800269611974197,22.73685669469309,56.92464917051201,23.182833334378785,1
0,308.525434,622.812602,151.078111,8.60183987695532,6.077628923466312,20.527831263499777,28.841826984332045,86.823877225169,0
0,204.773616,739.05905,179.009669,6.700484198851435,14.42278005378295,22.10767148791301,87.27368997577962,244.40352638470273,4
0,427.122746,433.597236,196.098654,4.6350074214423795,5.161187988739573,22.48489663608857,42.657417695107505,147.46897963155737,1
0,338.497037,625.880556,99.049534,5.844936708905341,5.699107928917836,20.792766828722375,83.3606901476781,87.6128044978262,0
0,480.491678,418.738905,152.512572,6.384300677821619,4.131274766619713,19.532300287515653,21.89518405691286,180.46086989214416,1
0,205.485986,723.024837,193.004157,7.7211688353018255,13.696525454310231,21.381639263870966,84.99985040598553,234.68218102077984,4
0,334.526289,630.049614,100.057205,5.844936708905341,6.118397617858024,20.360084691217278,81.79524084368592,91.63224829012863,0
0,462.524405,491.436372,100.335424,8.917028081949104,7.639409797175312,20.838549852659042,73.00210001286653,126.00512409286027,5
0,522.435779,423.631275,101.468164,8.433490894900208,13.44507856582377,21.44909916807646,50.08238613516002,211.03785464171506,1
0,201.738012,719.323284,203.292789,6.543729205812657,17.050105851679312,22.74820316195813,92.28480313167326,236.94222651421097,4
0,330.49696,621.384917,121.254986,5.711506599337277,6.687328751501232,20.470661783962083,60.41840279390186,77.08671684358815,0
0,364.356416,528.237352,177.169379,5.748721720433722,5.2799838049603105,21.31577638955182,34.997214422105706,43.33472971927486,1
0,488.742759,452.631134,107.494528,6.813904008980937,3.5773785965564224,24.52074445863659,53.62056906127666,166.42982584032143,1
0,318.549544,644.582968,98.689555,10.548912956283722,4.11851723112488,21.68020555377317,82.72295712755185,110.096621646084,0
0,476.589326,432.763518,144.310273,7.360057200708856,5.143136845671007,21.074387583036806,29.785653056819356,167.13713069308363,1
0,490.534573,459.193967,101.972942,8.605570035540735,6.910231456441906,21.253261827451897,62.1097373615678,165.05279248594243,1
0,418.4725,514.791322,119.959953,6.587020524305239,3.632783357306718,21.642794402630475,41.6498543960991,73.35818445534727,1
0,386.380058,538.907181,124.940408,5.396430125349462,4.103927214455798,22.632054018481142,61.427515468189846,36.74941673227117,1
0,439.12318,460.957461,156.589161,6.903102304196438,5.253331321293072,20.374480228730732,26.039511415080597,122.09378177296952,1
0,305.286303,591.277985,182.227193,7.507351691861565,5.5753203260187165,21.999549050115142,23.051712115127188,78.26602600901495,3
0,321.814533,614.027581,145.324158,6.292149864326535,7.023827495998797,20.01685675790263,36.26350940467991,71.39721042532756,0
0,314.460537,622.038296,141.297312,5.598978799127045,4.199990945303381,22.475786387247567,37.252106874852984,82.5354798462961,0
0,496.165551,432.146583,123.197943,7.422690163667446,5.412110403842018,22.51703929554448,28.518504020403707,182.5437914546287,1
0,330.867218,628.08743,106.076246,6.927957842377322,4.584506461222794,21.681267828545366,74.50373501163477,88.56199261741493,0
0,493.408484,429.876214,129.711004,6.235319032203091,5.727384606461782,21.37342120386888,23.49242806398501,181.45465406397318,1
0,315.493603,618.050115,146.363881,5.882536408305301,5.386830878782082,21.332072526549776,32.727740584923815,78.58184143403051,0
0,335.363908,606.539492,129.514743,6.003399979342191,5.180653068362073,21.77067148176871,55.0104290447706,60.1684776937455,0
0,337.602803,633.284866,93.617014,6.591065384510161,9.336163064889723,19.061541748554305,89.57131303413351,96.55360591363217,0
0,494.401108,451.727953,103.807166,6.813904008980937,5.285003713024775,22.30675451305826,55.0885086924572,172.0435050811575,1
0,426.535448,418.48502,209.136862,15.042638322068107,4.688036780622246,29.320777522406743,57.54382989243053,164.7746870289739,1
0,503.50412,444.918726,101.885089,7.9703666423997,6.993093678927538,20.09884968825557,52.57159391232533,183.49214734400934,1
0,268.950065,725.67646,84.045,17.445745201651725,23.58567752092495,7.176074879586345,73.8316105844484,203.6283048517409,-1
0,451.780464,477.937806,125.137015,5.802809071370262,4.650489342205859,21.260189154301003,50.515514639159946,119.35187282267553,5
0,265.28007,708.63792,84.802177,17.445745201651725,10.166327305111762,17.488899297257696,62.31165087431079,191.80147557611065,-1
0,400.526043,505.012195,153.931317,5.259467915696895,4.110222702710426,21.539589530526662,21.2063818967337,64.13989949260763,1
0,361.437794,607.009324,90.509489,8.850227529629874,11.105840639617837,17.312341904284814,100.99787031441657,74.94452036540166,0
0,360.510949,615.518387,88.259304,8.850227529629874,15.007653341141388,16.008298740925653,102.79996145140512,82.21449662479893,0
0,388.475207,541.789439,117.291449,8.362260012817005,6.248219396053836,21.103378910477588,66.42394404578643,41.65586039161913,1
0,335.430866,589.865456,143.77493,6.977292221867873,3.692310915348678,20.90098861968082,48.4897881011145,44.9010587025412,0
0,429.883103,434.7888,192.571063,4.6350074214423795,5.6049316012546395,21.830336683072534,38.29731038806074,146.4670238784876,1
0,503.322923,437.426884,107.406744,0.744577896411797,4.67711926911207,22.487413605468532,43.631580860478316,186.87801094877983,1
0,473.18293,447.187623,129.653017,7.208452035190777,3.037558073426144,23.833064078631512,41.52760037410849,155.18292789871995,1
0,200.623504,735.10191,201.289081,8.20662524009601,24.472796865059102,22.46565255192237,99.667095237084,248.10176034290149,4
0,288.497229,651.026502,134.976238,11.675505385473553,3.0583659360075424,21.92687187627622,47.32907664584158,121.89970346335653,0
0,202.497528,734.91976,186.543863,6.269129464280377,15.496940957870732,22.623907680524184,89.62007954986778,244.0030217166451,4
0,342.308859,629.30176,91.286768,5.473062916534114,9.521136029675715,19.93161523610731,92.55888497152705,93.53464381947093,0
0,505.560827,449.900424,96.013174,7.9703666423997,12.213107443824322,17.921553896779205,60.49567688320597,183.53152442725775,1
0,347.854766,620.483935,91.927503,1.6046753154519906,7.211003398076512,20.41477811886293,92.97618250866091,85.30332641864932,0
0,503.408453,437.461706,106.667915,0.744577896411797,4.424792874415831,22.728457633238648,44.17673953301904,187.08214151644572,1
0,454.462648,479.53247,120.24462,0.1679087873251477,4.418520976734398,21.579306276249902,54.957547841050705,121.20392014389567,5
0,454.453562,479.542739,120.077272,0.1679087873251477,4.331593879673802,21.67264469244205,55.0327032778771,121.23044345530401,5
0,294.493968,623.678938,163.117034,5.345978225362129,5.1104069983616505,23.596966013402835,21.29026964885218,98.70582858913481,0
0,482.479585,452.012671,116.140915,0.4175742950158669,3.3710800502055913,24.119105836798838,49.53174861683116,160.4141745861678,1
0,497.591669,425.982103,127.078884,0.09164810286088418,5.048266149606087,21.793129520774258,21.870765575892417,187.41720115024296,1
0,497.557812,425.980673,127.164037,0.09164810286088418,5.073509946432064,21.760910117737865,21.82187649784126,187.38511075609122,1
0,482.516218,451.897059,116.54049,0.4175742950158669,3.5764254717656776,23.933501813117594,49.258638245777284,160.43715944237425,1
